date,Estonia CumulativeCount_MedicalConditionIncident_COVID_19_PatientDeceased,Lithuania CumulativeCount_MedicalConditionIncident_COVID_19_PatientDeceased,Latvia CumulativeCount_MedicalConditionIncident_COVID_19_PatientDeceased
1/3/2020,0,0,0
1/4/2020,0,0,0
1/5/2020,0,0,0
1/6/2020,0,0,0
1/7/2020,0,0,0
1/8/2020,0,0,0
1/9/2020,0,0,0
1/10/2020,0,0,0
1/11/2020,0,0,0
1/12/2020,0,0,0
1/13/2020,0,0,0
1/14/2020,0,0,0
1/15/2020,0,0,0
1/16/2020,0,0,0
1/17/2020,0,0,0
1/18/2020,0,0,0
1/19/2020,0,0,0
1/20/2020,0,0,0
1/21/2020,0,0,0
1/22/2020,0,0,0
1/23/2020,0,0,0
1/24/2020,0,0,0
1/25/2020,0,0,0
1/26/2020,0,0,0
1/27/2020,0,0,0
1/28/2020,0,0,0
1/29/2020,0,0,0
1/30/2020,0,0,0
1/31/2020,0,0,0
2/1/2020,0,0,0
2/2/2020,0,0,0
2/3/2020,0,0,0
2/4/2020,0,0,0
2/5/2020,0,0,0
2/6/2020,0,0,0
2/7/2020,0,0,0
2/8/2020,0,0,0
2/9/2020,0,0,0
2/10/2020,0,0,0
2/11/2020,0,0,0
2/12/2020,0,0,0
2/13/2020,0,0,0
2/14/2020,0,0,0
2/15/2020,0,0,0
2/16/2020,0,0,0
2/17/2020,0,0,0
2/18/2020,0,0,0
2/19/2020,0,0,0
2/20/2020,0,0,0
2/21/2020,0,0,0
2/22/2020,0,0,0
2/23/2020,0,0,0
2/24/2020,0,0,0
2/25/2020,0,0,0
2/26/2020,0,0,0
2/27/2020,0,0,0
2/28/2020,0,0,0
2/29/2020,0,0,0
3/1/2020,0,0,0
3/2/2020,0,0,0
3/3/2020,0,0,0
3/4/2020,0,0,0
3/5/2020,0,0,0
3/6/2020,0,0,0
3/7/2020,0,0,0
3/8/2020,0,0,0
3/9/2020,0,0,0
3/10/2020,0,0,0
3/11/2020,0,0,0
3/12/2020,0,0,0
3/13/2020,0,0,0
3/14/2020,0,0,0
3/15/2020,0,0,0
3/16/2020,0,0,0
3/17/2020,0,0,0
3/18/2020,0,0,0
3/19/2020,0,0,0
3/20/2020,0,0,0
3/21/2020,0,0,0
3/22/2020,0,0,0
3/23/2020,0,0,0
3/24/2020,0,1,0
3/25/2020,0,2,0
3/26/2020,0,3,0
3/27/2020,0,4,0
3/28/2020,0,4,0
3/29/2020,73,4,0
3/30/2020,73,4,0
3/31/2020,73,4,0
4/1/2020,73,6,0
4/2/2020,73,6,0
4/3/2020,73,6,0
4/4/2020,73,7,0
4/5/2020,89,8,2
4/6/2020,89,10,2
4/7/2020,89,11,2
4/8/2020,89,11,2
4/9/2020,89,11,2
4/10/2020,89,12,2
4/11/2020,89,13,2
4/12/2020,98,14,7
4/13/2020,98,15,7
4/14/2020,98,16,7
4/15/2020,98,20,7
4/16/2020,98,20,7
4/17/2020,98,21,7
4/18/2020,98,22,7
4/19/2020,112,23,8
4/20/2020,112,26,8
4/21/2020,112,26,8
4/22/2020,112,27,8
4/23/2020,112,27,8
4/24/2020,112,28,8
4/25/2020,112,29,8
4/26/2020,121,31,13
4/27/2020,121,32,13
4/28/2020,121,32,13
4/29/2020,121,32,13
4/30/2020,121,32,13
5/1/2020,121,32,13
5/2/2020,121,33,13
5/3/2020,125,33,16
5/4/2020,125,33,16
5/5/2020,125,33,16
5/6/2020,125,34,16
5/7/2020,125,35,16
5/8/2020,125,35,16
5/9/2020,125,35,16
5/10/2020,129,36,18
5/11/2020,129,36,18
5/12/2020,129,39,18
5/13/2020,129,39,18
5/14/2020,129,39,18
5/15/2020,129,41,18
5/16/2020,129,42,18
5/17/2020,131,43,20
5/18/2020,131,45,20
5/19/2020,131,45,20
5/20/2020,131,46,20
5/21/2020,131,46,20
5/22/2020,131,46,20
5/23/2020,131,47,20
5/24/2020,132,48,23
5/25/2020,132,49,23
5/26/2020,132,51,23
5/27/2020,132,51,23
5/28/2020,132,52,23
5/29/2020,132,52,23
5/30/2020,132,54,23
5/31/2020,135,54,25
6/1/2020,135,55,25
6/2/2020,135,55,25
6/3/2020,135,55,25
6/4/2020,135,55,25
6/5/2020,135,55,25
6/6/2020,135,55,25
6/7/2020,136,56,25
6/8/2020,136,58,25
6/9/2020,136,58,25
6/10/2020,136,58,25
6/11/2020,136,58,25
6/12/2020,136,59,25
6/13/2020,136,59,25
6/14/2020,137,59,28
6/15/2020,137,60,28
6/16/2020,137,60,28
6/17/2020,137,60,28
6/18/2020,137,60,28
6/19/2020,137,60,28
6/20/2020,137,60,28
6/21/2020,137,60,30
6/22/2020,137,60,30
6/23/2020,137,61,30
6/24/2020,137,61,30
6/25/2020,137,61,30
6/26/2020,137,61,30
6/27/2020,137,61,30
6/28/2020,137,61,30
6/29/2020,137,61,30
6/30/2020,137,61,30
7/1/2020,137,61,30
7/2/2020,137,62,30
7/3/2020,137,62,30
7/4/2020,137,62,30
7/5/2020,137,62,30
7/6/2020,137,62,30
7/7/2020,137,62,30
7/8/2020,137,62,30
7/9/2020,137,62,30
7/10/2020,137,62,30
7/11/2020,137,62,30
7/12/2020,137,62,31
7/13/2020,137,62,31
7/14/2020,137,62,31
7/15/2020,137,62,31
7/16/2020,137,62,31
7/17/2020,137,62,31
7/18/2020,137,63,31
7/19/2020,137,63,31
7/20/2020,137,63,31
7/21/2020,137,63,31
7/22/2020,137,63,31
7/23/2020,137,63,31
7/24/2020,137,63,31
7/25/2020,137,63,31
7/26/2020,137,63,31
7/27/2020,137,63,31
7/28/2020,137,63,31
7/29/2020,137,63,31
7/30/2020,137,63,31
7/31/2020,137,63,31
8/1/2020,137,63,31
8/2/2020,137,63,32
8/3/2020,137,63,32
8/4/2020,137,63,32
8/5/2020,137,64,32
8/6/2020,137,64,32
8/7/2020,137,64,32
8/8/2020,137,64,32
8/9/2020,137,64,32
8/10/2020,137,64,32
8/11/2020,137,64,32
8/12/2020,137,64,32
8/13/2020,137,64,32
8/14/2020,137,64,32
8/15/2020,137,64,32
8/16/2020,137,64,32
8/17/2020,137,64,32
8/18/2020,137,64,32
8/19/2020,137,64,32
8/20/2020,137,65,32
8/21/2020,137,66,32
8/22/2020,137,67,32
8/23/2020,138,67,33
8/24/2020,138,68,33
8/25/2020,138,68,33
8/26/2020,138,68,33
8/27/2020,138,68,33
8/28/2020,138,69,33
8/29/2020,138,69,33
8/30/2020,138,69,34
8/31/2020,138,69,34
9/1/2020,138,69,34
9/2/2020,138,69,34
9/3/2020,138,69,34
9/4/2020,138,69,34
9/5/2020,138,69,34
9/6/2020,138,69,35
9/7/2020,138,69,35
9/8/2020,138,69,35
9/9/2020,138,69,35
9/10/2020,138,69,35
9/11/2020,138,70,35
9/12/2020,138,70,35
9/13/2020,138,71,35
9/14/2020,138,71,35
9/15/2020,138,71,35
9/16/2020,138,71,35
9/17/2020,138,71,35
9/18/2020,138,71,35
9/19/2020,138,71,35
9/20/2020,138,71,36
9/21/2020,138,71,36
9/22/2020,138,71,36
9/23/2020,138,72,36
9/24/2020,138,74,36
9/25/2020,138,74,36
9/26/2020,138,74,36
9/27/2020,138,76,36
9/28/2020,138,77,36
9/29/2020,138,77,36
9/30/2020,138,77,36
10/1/2020,138,77,36
10/2/2020,138,78,36
10/3/2020,138,80,36
10/4/2020,141,81,39
10/5/2020,141,82,39
10/6/2020,141,84,39
10/7/2020,141,85,39
10/8/2020,141,86,39
10/9/2020,141,87,39
10/10/2020,141,87,39
10/11/2020,142,89,40
10/12/2020,142,89,40
10/13/2020,142,90,40
10/14/2020,142,94,40
10/15/2020,142,94,40
10/16/2020,142,97,40
10/17/2020,142,98,40
10/18/2020,142,100,44
10/19/2020,142,102,44
10/20/2020,142,105,44
10/21/2020,142,108,44
10/22/2020,142,112,44
10/23/2020,142,115,44
10/24/2020,142,116,44
10/25/2020,147,122,60
10/26/2020,147,124,60
10/27/2020,147,129,60
10/28/2020,147,134,60
10/29/2020,147,138,60
10/30/2020,147,144,60
10/31/2020,147,152,60
11/1/2020,147,155,80
11/2/2020,147,159,80
11/3/2020,147,170,80
11/4/2020,147,176,80
11/5/2020,147,178,80
11/6/2020,147,185,80
11/7/2020,147,195,80
11/8/2020,150,204,105
11/9/2020,150,212,105
11/10/2020,150,229,105
11/11/2020,150,239,105
11/12/2020,150,250,105
11/13/2020,150,264,105
11/14/2020,150,281,105
11/15/2020,155,295,135
11/16/2020,155,310,135
11/17/2020,155,330,135
11/18/2020,155,350,135
11/19/2020,155,373,135
11/20/2020,155,392,135
11/21/2020,155,412,135
11/22/2020,165,439,175
11/23/2020,165,459,175
11/24/2020,165,477,175
11/25/2020,165,498,175
11/26/2020,165,525,175
11/27/2020,165,548,175
11/28/2020,165,570,175
11/29/2020,189,592,233
11/30/2020,189,619,233
12/1/2020,189,640,233
12/2/2020,189,674,233
12/3/2020,189,693,233
12/4/2020,189,730,233
12/5/2020,189,764,233
12/6/2020,205,788,296
12/7/2020,205,832,296
12/8/2020,205,857,296
12/9/2020,205,884,296
12/10/2020,205,902,296
12/11/2020,205,937,296
12/12/2020,205,986,296
12/13/2020,224,1040,399
12/14/2020,224,1069,399
12/15/2020,224,1114,399
12/16/2020,224,1139,399
12/17/2020,224,1182,399
12/18/2020,224,1222,399
12/19/2020,224,1268,399
12/20/2020,252,1296,505
12/21/2020,252,1342,505
12/22/2020,252,1398,505
12/23/2020,252,1433,505
12/24/2020,252,1469,505
12/25/2020,252,1513,505
12/26/2020,252,1575,505
12/27/2020,284,1617,632
12/28/2020,284,1656,632
12/29/2020,284,1700,632
12/30/2020,284,1744,632
12/31/2020,284,1800,632
1/1/2021,284,1841,632
1/2/2021,284,1892,632
1/3/2021,323,1943,728
1/4/2021,323,1981,728
1/5/2021,323,2021,728
1/6/2021,323,2056,728
1/7/2021,323,2099,728
1/8/2021,323,2140,728
1/9/2021,323,2183,728
1/10/2021,357,2212,917
1/11/2021,357,2255,917
1/12/2021,357,2289,917
1/13/2021,357,2327,917
1/14/2021,357,2360,917
1/15/2021,357,2395,917
1/16/2021,357,2429,917
1/17/2021,405,2460,1057
1/18/2021,405,2487,1057
1/19/2021,405,2510,1057
1/20/2021,405,2535,1057
1/21/2021,405,2573,1057
1/22/2021,405,2609,1057
1/23/2021,405,2643,1057
1/24/2021,452,2666,1208
1/25/2021,452,2686,1208
1/26/2021,452,2703,1208
1/27/2021,452,2732,1208
1/28/2021,452,2761,1208
1/29/2021,452,2778,1208
1/30/2021,452,2804,1208
1/31/2021,494,2822,1363
2/1/2021,494,2844,1363
2/2/2021,494,2864,1363
2/3/2021,494,2883,1363
2/4/2021,494,2898,1363
2/5/2021,494,2922,1363
2/6/2021,494,2939,1363
2/7/2021,536,2955,1474
2/8/2021,536,2972,1474
2/9/2021,536,2988,1474
2/10/2021,536,3003,1474
2/11/2021,536,3026,1474
2/12/2021,536,3047,1474
2/13/2021,536,3064,1474
2/14/2021,572,3080,1573
2/15/2021,572,3092,1573
2/16/2021,572,3105,1573
2/17/2021,572,3125,1573
2/18/2021,572,3138,1573
2/19/2021,572,3153,1573
2/20/2021,572,3169,1573
2/21/2021,610,3181,1680
2/22/2021,610,3189,1680
2/23/2021,610,3197,1680
2/24/2021,610,3210,1680
2/25/2021,610,3219,1680
2/26/2021,610,3235,1680
2/27/2021,610,3245,1680
2/28/2021,667,3258,1768
3/1/2021,667,3265,1768
3/2/2021,667,3276,1768
3/3/2021,667,3291,1768
3/4/2021,667,3303,1768
3/5/2021,667,3314,1768
3/6/2021,667,3325,1768
3/7/2021,733,3331,1846
3/8/2021,733,3340,1846
3/9/2021,733,3346,1846
3/10/2021,733,3357,1846
3/11/2021,733,3370,1846
3/12/2021,733,3379,1846
3/13/2021,733,3393,1846
3/14/2021,792,3402,1909
3/15/2021,792,3414,1909
3/16/2021,792,3423,1909
3/17/2021,792,3435,1909
3/18/2021,792,3446,1909
3/19/2021,792,3454,1909
3/20/2021,792,3467,1909
3/21/2021,861,3480,1971
3/22/2021,861,3490,1971
3/23/2021,861,3502,1971
3/24/2021,861,3517,1971
3/25/2021,861,3523,1971
3/26/2021,861,3529,1971
3/27/2021,861,3538,1971
3/28/2021,943,3552,2017
3/29/2021,943,3562,2017
3/30/2021,943,3568,2017
3/31/2021,943,3576,2017
4/1/2021,943,3585,2017
4/2/2021,943,3596,2017
4/3/2021,943,3604,2017
4/4/2021,946,3612,2088
4/5/2021,946,3618,2088
4/6/2021,946,3626,2088
4/7/2021,946,3639,2088
4/8/2021,946,3649,2088
4/9/2021,946,3666,2088
4/10/2021,946,3680,2088
4/11/2021,1032,3695,2144
4/12/2021,1032,3705,2144
4/13/2021,1032,3719,2144
4/14/2021,1032,3726,2144
4/15/2021,1032,3737,2144
4/16/2021,1032,3745,2144
4/17/2021,1032,3760,2144
4/18/2021,1092,3766,2212
4/19/2021,1092,3781,2212
4/20/2021,1092,3793,2212
4/21/2021,1092,3809,2212
4/22/2021,1092,3824,2212
4/23/2021,1092,3840,2212
4/24/2021,1092,3849,2212
4/25/2021,1141,3858,2264
4/26/2021,1141,3869,2264
4/27/2021,1141,3888,2264
4/28/2021,1141,3906,2264
4/29/2021,1141,3921,2264
4/30/2021,1141,3931,2264
5/1/2021,1141,3942,2264
5/2/2021,1167,3955,2331
5/3/2021,1167,3964,2331
5/4/2021,1167,3981,2331
5/5/2021,1167,3997,2331
5/6/2021,1167,4007,2331
5/7/2021,1167,4023,2331
5/8/2021,1167,4029,2331
5/9/2021,1198,4039,2381
5/10/2021,1198,4052,2381
5/11/2021,1198,4061,2381
5/12/2021,1198,4067,2381
5/13/2021,1198,4076,2381
5/14/2021,1198,4089,2381
5/15/2021,1198,4092,2381
5/16/2021,1219,4108,2447
5/17/2021,1219,4119,2447
5/18/2021,1219,4130,2447
5/19/2021,1219,4143,2447
5/20/2021,1219,4159,2447
5/21/2021,1219,4170,2447
5/22/2021,1219,4179,2447
5/23/2021,1233,4193,2512
5/24/2021,1233,4207,2512
5/25/2021,1233,4217,2512
5/26/2021,1233,4226,2512
5/27/2021,1233,4234,2512
5/28/2021,1233,4241,2512
5/29/2021,1233,4253,2512
5/30/2021,1246,4265,2559
5/31/2021,1246,4275,2559
6/1/2021,1246,4283,2559
6/2/2021,1246,4287,2559
6/3/2021,1246,4293,2559
6/4/2021,1246,4301,2559
6/5/2021,1246,4305,2559
6/6/2021,1257,4310,2596
6/7/2021,1257,4313,2596
6/8/2021,1257,4321,2596
6/9/2021,1257,4326,2596
6/10/2021,1257,4330,2596
6/11/2021,1257,4334,2596
6/12/2021,1257,4339,2596
6/13/2021,1259,4342,2635
6/14/2021,1259,4347,2635
6/15/2021,1259,4352,2635
6/16/2021,1259,4356,2635
6/17/2021,1259,4362,2635
6/18/2021,1259,4362,2635
6/19/2021,1259,4366,2635
6/20/2021,1261,4368,2659
6/21/2021,1261,4370,2659
6/22/2021,1261,4374,2659
6/23/2021,1261,4374,2659
6/24/2021,1261,4377,2659
6/25/2021,1261,4380,2659
6/26/2021,1261,4380,2659
6/27/2021,1262,4382,2683
6/28/2021,1262,4382,2683
6/29/2021,1262,4384,2683
6/30/2021,1262,4384,2683
7/1/2021,1262,4386,2683
7/2/2021,1262,4387,2683
7/3/2021,1262,4389,2683
7/4/2021,1263,4390,2699
7/5/2021,1263,4392,2699
7/6/2021,1263,4395,2699
7/7/2021,1263,4396,2699
7/8/2021,1263,4396,2699
7/9/2021,1263,4396,2699
7/10/2021,1263,4397,2699
7/11/2021,1263,4397,2701
7/12/2021,1263,4400,2701
7/13/2021,1263,4401,2701
7/14/2021,1263,4402,2701
7/15/2021,1263,4403,2701
7/16/2021,1263,4403,2701
7/17/2021,1263,4403,2701
7/18/2021,1264,4403,2710
7/19/2021,1264,4403,2710
7/20/2021,1264,4403,2710
7/21/2021,1264,4404,2710
7/22/2021,1264,4405,2710
7/23/2021,1264,4405,2710
7/24/2021,1264,4405,2710
7/25/2021,1264,4405,2713
7/26/2021,1264,4405,2713
7/27/2021,1264,4406,2713
7/28/2021,1264,4406,2713
7/29/2021,1264,4407,2713
7/30/2021,1264,4408,2713
7/31/2021,1264,4409,2713
8/1/2021,1265,4411,2716
8/2/2021,1265,4412,2716
8/3/2021,1265,4414,2716
8/4/2021,1265,4417,2716
8/5/2021,1265,4418,2716
8/6/2021,1265,4418,2716
8/7/2021,1265,4419,2716
8/8/2021,1269,4421,2720
8/9/2021,1269,4425,2720
8/10/2021,1269,4427,2720
8/11/2021,1269,4431,2720
8/12/2021,1269,4433,2720
8/13/2021,1269,4436,2720
8/14/2021,1269,4442,2720
8/15/2021,1271,4445,2724
8/16/2021,1271,4450,2724
8/17/2021,1271,4455,2724
8/18/2021,1271,4458,2724
8/19/2021,1271,4461,2724
8/20/2021,1271,4467,2724
8/21/2021,1271,4476,2724
8/22/2021,1276,4482,2732
8/23/2021,1276,4491,2732
8/24/2021,1276,4494,2732
8/25/2021,1276,4500,2732
8/26/2021,1276,4508,2732
8/27/2021,1276,4517,2732
8/28/2021,1276,4527,2732
8/29/2021,1283,4536,2741
8/30/2021,1283,4551,2741
8/31/2021,1283,4560,2741
9/1/2021,1283,4567,2741
9/2/2021,1283,4581,2741
9/3/2021,1283,4589,2741
9/4/2021,1283,4600,2741
9/5/2021,1294,4609,2757
9/6/2021,1294,4615,2757
9/7/2021,1294,4622,2757
9/8/2021,1294,4629,2757
9/9/2021,1294,4643,2757
9/10/2021,1294,4654,2757
9/11/2021,1294,4668,2757
9/12/2021,1305,4688,2789
9/13/2021,1305,4712,2789
9/14/2021,1305,4719,2789
9/15/2021,1305,4738,2789
9/16/2021,1305,4753,2789
9/17/2021,1305,4764,2789
9/18/2021,1305,4776,2789
9/19/2021,1319,4793,2825
9/20/2021,1319,4818,2825
9/21/2021,1319,4839,2825
9/22/2021,1319,4850,2825
9/23/2021,1319,4869,2825
9/24/2021,1319,4885,2825
9/25/2021,1319,4900,2825
9/26/2021,1341,4916,2879
9/27/2021,1341,4935,2879
9/28/2021,1341,4952,2879
9/29/2021,1341,4974,2879
9/30/2021,1341,4998,2879
10/1/2021,1341,5020,2879
10/2/2021,1341,5047,2879
10/3/2021,1364,5073,2940
10/4/2021,1364,5105,2940
10/5/2021,1364,5123,2940
10/6/2021,1364,5142,2940
10/7/2021,1364,5162,2940
10/8/2021,1364,5187,2940
10/9/2021,1364,5215,2940
10/10/2021,1391,5240,3019
10/11/2021,1391,5269,3019
10/12/2021,1391,5292,3019
10/13/2021,1391,5323,3019
10/14/2021,1391,5362,3019
10/15/2021,1391,5388,3019
10/16/2021,1391,5413,3019
10/17/2021,1422,5445,3152
10/18/2021,1422,5473,3152
10/19/2021,1422,5500,3152
10/20/2021,1422,5516,3152
10/21/2021,1422,5552,3152
10/22/2021,1422,5588,3152
10/23/2021,1422,5610,3152
10/24/2021,1459,5638,3360
10/25/2021,1459,5669,3360
10/26/2021,1459,5701,3360
10/27/2021,1459,5736,3360
10/28/2021,1459,5780,3360
10/29/2021,1459,5818,3360
10/30/2021,1459,5846,3360
10/31/2021,1531,5888,3619
11/1/2021,1531,5925,3619
11/2/2021,1531,5951,3619
11/3/2021,1531,5992,3619
11/4/2021,1531,6034,3619
11/5/2021,1531,6067,3619
11/6/2021,1531,6096,3619
11/7/2021,1531,6128,3884
11/8/2021,1531,6157,3884
11/9/2021,1531,6193,3884
11/10/2021,1531,6234,3884
11/11/2021,1531,6264,3884
11/12/2021,1531,6286,3884
11/13/2021,1531,6307,3884
11/14/2021,1603,6332,4129
11/15/2021,1603,6365,4129
11/16/2021,1603,6401,4129
11/17/2021,1603,6428,4129
11/18/2021,1603,6457,4129
11/19/2021,1603,6477,4129
11/20/2021,1603,6515,4129
11/21/2021,1656,6541,4335
11/22/2021,1656,6574,4335
11/23/2021,1656,6603,4335
11/24/2021,1656,6621,4335
11/25/2021,1656,6643,4335
11/26/2021,1656,6664,4335
11/27/2021,1656,6686,4335
11/28/2021,1711,6709,4468
11/29/2021,1711,6735,4468
11/30/2021,1711,6755,4468
12/1/2021,1711,6778,4468
12/2/2021,1711,6803,4468
12/3/2021,1711,6822,4468
12/4/2021,1711,6841,4468
12/5/2021,1738,6861,4582
12/6/2021,1738,6883,4582
12/7/2021,1738,6901,4582
12/8/2021,1738,6913,4582
12/9/2021,1738,6937,4582
12/10/2021,1738,6950,4582
12/11/2021,1738,6969,4582
12/12/2021,1776,6990,4668
12/13/2021,1776,7009,4668
12/14/2021,1776,7035,4668
12/15/2021,1776,7052,4668
12/16/2021,1776,7070,4668
12/17/2021,1776,7087,4668
12/18/2021,1776,7110,4668
12/19/2021,1799,7135,4747
12/20/2021,1799,7160,4747
12/21/2021,1799,7184,4747
12/22/2021,1799,7211,4747
12/23/2021,1799,7235,4747
12/24/2021,1799,7258,4747
12/25/2021,1799,7276,4747
12/26/2021,1828,7302,4815
12/27/2021,1828,7320,4815
12/28/2021,1828,7340,4815
12/29/2021,1828,7365,4815
12/30/2021,1828,7384,4815
12/31/2021,1828,7397,4815
1/1/2022,1828,7412,4815
1/2/2022,1851,7432,4887
1/3/2022,1851,7452,4887
1/4/2022,1851,7474,4887
1/5/2022,1851,7488,4887
1/6/2022,1851,7508,4887
1/7/2022,1851,7514,4887
1/8/2022,1851,7534,4887
1/9/2022,1867,7552,4976
1/10/2022,1867,7566,4976
1/11/2022,1867,7581,4976
1/12/2022,1867,7592,4976
1/13/2022,1867,7618,4976
1/14/2022,1867,7631,4976
1/15/2022,1867,7651,4976
1/16/2022,1895,7665,5054
1/17/2022,1895,7676,5054
1/18/2022,1895,7691,5054
1/19/2022,1895,7703,5054
1/20/2022,1895,7718,5054
1/21/2022,1895,7735,5054
1/22/2022,1895,7752,5054
1/23/2022,1919,7765,5141
1/24/2022,1919,7772,5141
1/25/2022,1919,7790,5141
1/26/2022,1919,7809,5141
1/27/2022,1919,7821,5141
1/28/2022,1919,7838,5141
1/29/2022,1919,7851,5141
1/30/2022,1944,7869,5225
1/31/2022,1944,7889,5225
2/1/2022,1944,7905,5225
2/2/2022,1944,7925,5225
2/3/2022,1944,7941,5225
2/4/2022,1944,7956,5225
2/5/2022,1944,7974,5225
2/6/2022,1976,7991,5322
2/7/2022,1976,8007,5322
2/8/2022,1976,8016,5322
2/9/2022,1976,8040,5322
2/10/2022,1976,8051,5322
2/11/2022,1976,8070,5322
2/12/2022,1976,8092,5322
2/13/2022,2021,8122,5436
2/14/2022,2021,8142,5436
2/15/2022,2021,8178,5436
2/16/2022,2021,8199,5436
2/17/2022,2021,8213,5436
2/18/2022,2021,8221,5436
2/19/2022,2021,8239,5436
2/20/2022,2075,8254,5558
2/21/2022,2075,8276,5558
2/22/2022,2075,8300,5558
2/23/2022,2075,8320,5558
2/24/2022,2075,8341,5558
2/25/2022,2075,8374,5558
2/26/2022,2075,8387,5558
2/27/2022,2139,8415,5684
2/28/2022,2139,8426,5684
3/1/2022,2139,8448,5684
3/2/2022,2139,8463,5684
3/3/2022,2139,8484,5684
3/4/2022,2139,8499,5684
3/5/2022,2139,8520,5684
3/6/2022,2198,8535,5801
3/7/2022,2198,8554,5801
3/8/2022,2198,8572,5801
3/9/2022,2198,8591,5801
3/10/2022,2198,8602,5801
3/11/2022,2198,8608,5801
3/12/2022,2198,8629,5801
3/13/2022,2256,8641,5911
3/14/2022,2256,8654,5911
3/15/2022,2256,8669,5911
3/16/2022,2256,8684,5911
3/17/2022,2256,8701,5911
3/18/2022,2256,8708,5911
3/19/2022,2256,8723,5911
3/20/2022,2289,8737,6028
3/21/2022,2289,8747,6028
3/22/2022,2289,8761,6028
3/23/2022,2289,8777,6028
3/24/2022,2289,8796,6028
3/25/2022,2289,8813,6028
3/26/2022,2289,8826,6028
3/27/2022,2329,8840,6123
3/28/2022,2329,8856,6123
3/29/2022,2329,8865,6123
3/30/2022,2329,8877,6123
3/31/2022,2329,8885,6123
4/1/2022,2329,8894,6123
4/2/2022,2329,8906,6123
4/3/2022,2351,8916,6210
4/4/2022,2351,8922,6210
4/5/2022,2351,8934,6210
4/6/2022,2351,8941,6210
4/7/2022,2351,8948,6210
4/8/2022,2351,8960,6210
4/9/2022,2351,8966,6210
4/10/2022,2380,8972,6268
4/11/2022,2380,8980,6268
4/12/2022,2380,8984,6268
4/13/2022,2380,8995,6268
4/14/2022,2380,9003,6268
4/15/2022,2380,9009,6268
4/16/2022,2380,9017,6268
4/17/2022,2402,9023,6317
4/18/2022,2402,9026,6317
4/19/2022,2402,9029,6317
4/20/2022,2402,9037,6317
4/21/2022,2402,9044,6317
4/22/2022,2402,9052,6317
4/23/2022,2402,9057,6317
4/24/2022,2415,9070,6359
4/25/2022,2415,9079,6359
4/26/2022,2415,9081,6359
4/27/2022,2415,9083,6359
4/28/2022,2415,9090,6359
4/29/2022,2415,9096,6359
4/30/2022,2415,9098,6359
5/1/2022,2424,9103,6386
5/2/2022,2424,9110,6386
5/3/2022,2424,9113,6386
5/4/2022,2424,9115,6386
5/5/2022,2424,9116,6386
5/6/2022,2424,9118,6386
5/7/2022,2424,9121,6386
5/8/2022,2432,9123,6401
5/9/2022,2432,9123,6401
5/10/2022,2432,9126,6401
5/11/2022,2432,9127,6401
5/12/2022,2432,9129,6401
5/13/2022,2432,9131,6401
5/14/2022,2432,9132,6401
5/15/2022,2435,9132,6416
5/16/2022,2435,9132,6416
5/17/2022,2435,9132,6416
5/18/2022,2435,9133,6416
5/19/2022,2435,9134,6416
5/20/2022,2435,9135,6416
5/21/2022,2435,9136,6416
5/22/2022,2440,9136,6428
5/23/2022,2440,9137,6428
5/24/2022,2440,9140,6428
5/25/2022,2440,9140,6428
5/26/2022,2440,9141,6428
5/27/2022,2440,9143,6428
5/28/2022,2440,9143,6428
5/29/2022,2448,9144,6440
5/30/2022,2448,9145,6440
5/31/2022,2448,9146,6440
6/1/2022,2448,9146,6440
6/2/2022,2448,9147,6440
6/3/2022,2448,9149,6440
6/4/2022,2448,9149,6440
6/5/2022,2458,9149,6451
6/6/2022,2458,9149,6451
6/7/2022,2458,9150,6451
6/8/2022,2458,9151,6451
6/9/2022,2458,9152,6451
6/10/2022,2458,9153,6451
6/11/2022,2458,9153,6451
6/12/2022,2460,9153,6461
6/13/2022,2460,9155,6461
6/14/2022,2460,9156,6461
6/15/2022,2460,9156,6461
6/16/2022,2460,9156,6461
6/17/2022,2460,9157,6461
6/18/2022,2460,9158,6461
6/19/2022,2462,9158,6473
6/20/2022,2462,9162,6473
6/21/2022,2462,9162,6473
6/22/2022,2462,9162,6473
6/23/2022,2462,9164,6473
6/24/2022,2462,9164,6473
6/25/2022,2462,9165,6473
6/26/2022,2465,9167,6486
6/27/2022,2465,9170,6486
6/28/2022,2465,9170,6486
6/29/2022,2465,9171,6486
6/30/2022,2465,9171,6486
7/1/2022,2465,9172,6486
7/2/2022,2465,9173,6486
7/3/2022,2473,9175,6493
7/4/2022,2473,9175,6493
7/5/2022,2473,9175,6493
7/6/2022,2473,9176,6493
7/7/2022,2473,9177,6493
7/8/2022,2473,9178,6493
7/9/2022,2473,9179,6493
7/10/2022,2481,9180,6502
7/11/2022,2481,9180,6502
7/12/2022,2481,9182,6502
7/13/2022,2481,9185,6502
7/14/2022,2481,9186,6502
7/15/2022,2481,9187,6502
7/16/2022,2481,9187,6502
7/17/2022,2485,9189,6514
7/18/2022,2485,9189,6514
7/19/2022,2485,9190,6514
7/20/2022,2485,9192,6514
7/21/2022,2485,9194,6514
7/22/2022,2485,9196,6514
7/23/2022,2485,9198,6514
7/24/2022,2493,9199,6523
7/25/2022,2493,9202,6523
7/26/2022,2493,9205,6523
7/27/2022,2493,9206,6523
7/28/2022,2493,9206,6523
7/29/2022,2493,9207,6523
7/30/2022,2493,9208,6523
7/31/2022,2501,9208,6548
8/1/2022,2501,9209,6548
8/2/2022,2501,9210,6548
8/3/2022,2501,9213,6548
8/4/2022,2501,9218,6548
8/5/2022,2501,9218,6548
8/6/2022,2501,9220,6548
8/7/2022,2507,9220,6558
8/8/2022,2507,9225,6558
8/9/2022,2507,9226,6558
8/10/2022,2507,9228,6558
8/11/2022,2507,9230,6558
8/12/2022,2507,9230,6558
8/13/2022,2507,9232,6558
8/14/2022,2515,9237,6574
8/15/2022,2515,9243,6574
8/16/2022,2515,9246,6574
8/17/2022,2515,9249,6574
8/18/2022,2515,9251,6574
8/19/2022,2515,9253,6574
8/20/2022,2515,9256,6574
8/21/2022,2520,9258,6596
8/22/2022,2520,9263,6596
8/23/2022,2520,9266,6596
8/24/2022,2520,9268,6596
8/25/2022,2520,9270,6596
8/26/2022,2520,9274,6596
8/27/2022,2520,9279,6596
8/28/2022,2524,9282,6613
8/29/2022,2524,9285,6613
8/30/2022,2524,9287,6613
8/31/2022,2524,9289,6613
9/1/2022,2524,9290,6613
9/2/2022,2524,9292,6613
9/3/2022,2524,9294,6613
9/4/2022,2530,9294,6629
9/5/2022,2530,9295,6629
9/6/2022,2530,9296,6629
9/7/2022,2530,9296,6629
9/8/2022,2530,9296,6629
9/9/2022,2530,9296,6629
9/10/2022,2530,9296,6629
9/11/2022,2534,9296,6642
9/12/2022,2534,9296,6642
9/13/2022,2534,9298,6642
9/14/2022,2534,9299,6642
9/15/2022,2534,9303,6642
9/16/2022,2534,9304,6642
9/17/2022,2534,9305,6642
9/18/2022,2540,9307,6665
9/19/2022,2540,9307,6665
9/20/2022,2540,9309,6665
9/21/2022,2540,9309,6665
9/22/2022,2540,9312,6665
9/23/2022,2540,9315,6665
9/24/2022,2540,9316,6665
9/25/2022,2554,9317,6689
9/26/2022,2554,9317,6689
9/27/2022,2554,9318,6689
9/28/2022,2554,9319,6689
9/29/2022,2554,9320,6689
9/30/2022,2554,9320,6689
10/1/2022,2554,9322,6689
10/2/2022,2565,9324,6725
10/3/2022,2565,9329,6725
10/4/2022,2565,9332,6725
10/5/2022,2565,9334,6725
10/6/2022,2565,9335,6725
10/7/2022,2565,9338,6725
10/8/2022,2565,9339,6725
10/9/2022,2586,9342,6757
10/10/2022,2586,9345,6757
10/11/2022,2586,9347,6757
10/12/2022,2586,9351,6757
10/13/2022,2586,9355,6757
10/14/2022,2586,9358,6757
10/15/2022,2586,9361,6757
10/16/2022,2602,9363,6801
10/17/2022,2602,9369,6801
10/18/2022,2602,9370,6801
10/19/2022,2602,9371,6801
10/20/2022,2602,9373,6801
10/21/2022,2602,9373,6801
10/22/2022,2602,9378,6801
10/23/2022,2612,9380,6819
10/24/2022,2612,9382,6819
10/25/2022,2612,9386,6819
10/26/2022,2612,9387,6819
10/27/2022,2612,9387,6819
10/28/2022,2612,9391,6819
10/29/2022,2612,9393,6819
10/30/2022,2621,9393,6840
10/31/2022,2621,9395,6840
11/1/2022,2621,9397,6840
11/2/2022,2621,9397,6840
11/3/2022,2621,9400,6840
11/4/2022,2621,9401,6840
11/5/2022,2621,9401,6840
11/6/2022,2630,9402,6855
11/7/2022,2630,9404,6855
11/8/2022,2630,9405,6855
11/9/2022,2630,9405,6855
11/10/2022,2630,9408,6855
11/11/2022,2630,9408,6855
11/12/2022,2630,9410,6855
11/13/2022,2645,9413,6873
11/14/2022,2645,9414,6873
11/15/2022,2645,9414,6873
11/16/2022,2645,9414,6873
11/17/2022,2645,9414,6873
11/18/2022,2645,9416,6873
11/19/2022,2645,9416,6873
11/20/2022,2654,9417,6881
11/21/2022,2654,9418,6881
11/22/2022,2654,9422,6881
11/23/2022,2654,9423,6881
11/24/2022,2654,9426,6881
11/25/2022,2654,9428,6881
11/26/2022,2654,9430,6881
11/27/2022,2663,9430,6897
11/28/2022,2663,9432,6897
11/29/2022,2663,9433,6897
11/30/2022,2663,9433,6897
12/1/2022,2663,9433,6897
12/2/2022,2663,9434,6897
12/3/2022,2663,9435,6897
12/4/2022,2672,9436,6917
12/5/2022,2672,9436,6917
12/6/2022,2672,9439,6917
12/7/2022,2672,9440,6917
12/8/2022,2672,9440,6917
12/9/2022,2672,9441,6917
12/10/2022,2672,9441,6917
12/11/2022,2687,9441,6945
12/12/2022,2687,9441,6945
12/13/2022,2687,9443,6945
12/14/2022,2687,9446,6945
12/15/2022,2687,9448,6945
12/16/2022,2687,9451,6945
12/17/2022,2687,9453,6945
12/18/2022,2710,9454,6971
12/19/2022,2710,9456,6971
12/20/2022,2710,9459,6971
12/21/2022,2710,9463,6971
12/22/2022,2710,9468,6971
12/23/2022,2710,9468,6971
12/24/2022,2710,9469,6971
12/25/2022,2727,9469,7011
12/26/2022,2727,9472,7011
12/27/2022,2727,9474,7011
12/28/2022,2727,9475,7011
12/29/2022,2727,9478,7011
12/30/2022,2727,9479,7011
12/31/2022,2727,9482,7011
1/1/2023,2746,9483,7058
1/2/2023,2746,9485,7058
1/3/2023,2746,9488,7058
1/4/2023,2746,9489,7058
1/5/2023,2746,9494,7058
1/6/2023,2746,9497,7058
1/7/2023,2746,9501,7058
1/8/2023,2759,9502,7089
1/9/2023,2759,9503,7089
1/10/2023,2759,9505,7089
1/11/2023,2759,9510,7089
1/12/2023,2759,9511,7089
1/13/2023,2759,9514,7089
1/14/2023,2759,9517,7089
1/15/2023,2771,9520,7115
1/16/2023,2771,9521,7115
1/17/2023,2771,9522,7115
1/18/2023,2771,9522,7115
1/19/2023,2771,9524,7115
1/20/2023,2771,9524,7115
1/21/2023,2771,9526,7115
1/22/2023,2779,9528,7136
1/23/2023,2779,9528,7136
1/24/2023,2779,9531,7136
1/25/2023,2779,9533,7136
1/26/2023,2779,9535,7136
1/27/2023,2779,9535,7136
1/28/2023,2779,9537,7136
1/29/2023,2787,9537,7146
1/30/2023,2787,9538,7146
1/31/2023,2787,9542,7146
2/1/2023,2787,9547,7146
2/2/2023,2787,9549,7146
2/3/2023,2787,9550,7146
2/4/2023,2787,9550,7146
2/5/2023,2794,9551,7158
2/6/2023,2794,9551,7158
2/7/2023,2794,9552,7158
2/8/2023,2794,9553,7158
2/9/2023,2794,9554,7158
2/10/2023,2794,9555,7158
2/11/2023,2794,9556,7158
2/12/2023,2801,9558,7165
2/13/2023,2801,9558,7165
2/14/2023,2801,9560,7165
2/15/2023,2801,9562,7165
2/16/2023,2801,9566,7165
2/17/2023,2801,9569,7165
2/18/2023,2801,9572,7165
2/19/2023,2809,9574,7185
2/20/2023,2809,9575,7185
2/21/2023,2809,9576,7185
2/22/2023,2809,9577,7185
2/23/2023,2809,9579,7185
2/24/2023,2809,9581,7185
2/25/2023,2809,9583,7185
2/26/2023,2815,9585,7194
2/27/2023,2815,9585,7194
2/28/2023,2815,9588,7194
3/1/2023,2815,9589,7194
3/2/2023,2815,9589,7194
3/3/2023,2815,9590,7194
3/4/2023,2815,9591,7194
3/5/2023,2821,9593,7211
3/6/2023,2821,9593,7211
3/7/2023,2821,9594,7211
3/8/2023,2821,9594,7211
3/9/2023,2821,9595,7211
3/10/2023,2821,9598,7211
3/11/2023,2821,9600,7211
3/12/2023,2824,9602,7224
3/13/2023,2824,9602,7224
3/14/2023,2824,9605,7224
3/15/2023,2824,9605,7224
3/16/2023,2824,9607,7224
3/17/2023,2824,9610,7224
3/18/2023,2824,9612,7224
3/19/2023,2832,9612,7238
3/20/2023,2832,9615,7238
3/21/2023,2832,9619,7238
3/22/2023,2832,9621,7238
3/23/2023,2832,9623,7238
3/24/2023,2832,9624,7238
3/25/2023,2832,9626,7238
3/26/2023,2840,9628,7249
3/27/2023,2840,9629,7249
3/28/2023,2840,9630,7249
3/29/2023,2840,9631,7249
3/30/2023,2840,9633,7249
3/31/2023,2840,9636,7249
4/1/2023,2840,9636,7249
4/2/2023,2846,9636,7266
4/3/2023,2846,9638,7266
4/4/2023,2846,9641,7266
4/5/2023,2846,9641,7266
4/6/2023,2846,9642,7266
4/7/2023,2846,9642,7266
4/8/2023,2846,9642,7266
4/9/2023,2854,9643,7282
4/10/2023,2854,9643,7282
4/11/2023,2854,9646,7282
4/12/2023,2854,9648,7282
4/13/2023,2854,9649,7282
4/14/2023,2854,9650,7282
4/15/2023,2854,9651,7282
4/16/2023,2861,9653,7299
4/17/2023,2861,9656,7299
4/18/2023,2861,9657,7299
4/19/2023,2861,9658,7299
4/20/2023,2861,9658,7299
4/21/2023,2861,9658,7299
4/22/2023,2861,9658,7299
4/23/2023,2875,9658,7307
4/24/2023,2875,9662,7307
4/25/2023,2875,9662,7307
4/26/2023,2875,9662,7307
4/27/2023,2875,9663,7307
4/28/2023,2875,9665,7307
4/29/2023,2875,9665,7307
4/30/2023,2884,9665,7319
5/1/2023,2884,9667,7319
5/2/2023,2884,9667,7319
5/3/2023,2884,9668,7319
5/4/2023,2884,9671,7319
5/5/2023,2884,9672,7319
5/6/2023,2884,9672,7319
5/7/2023,2885,9672,7331
5/8/2023,2885,9672,7331
5/9/2023,2885,9672,7331
5/10/2023,2885,9672,7331
5/11/2023,2885,9673,7331
5/12/2023,2885,9673,7331
5/13/2023,2885,9673,7331
5/14/2023,2888,9673,7335
5/15/2023,2888,9673,7335
5/16/2023,2888,9673,7335
5/17/2023,2888,9673,7335
5/18/2023,2888,9676,7335
5/19/2023,2888,9677,7335
5/20/2023,2888,9679,7335
5/21/2023,2891,9680,7344
5/22/2023,2891,9680,7344
5/23/2023,2891,9680,7344
5/24/2023,2891,9680,7344
5/25/2023,2891,9681,7344
5/26/2023,2891,9681,7344
5/27/2023,2891,9681,7344
5/28/2023,2893,9682,7349
5/29/2023,2893,9682,7349
5/30/2023,2893,9682,7349
5/31/2023,2893,9684,7349
6/1/2023,2893,9684,7349
6/2/2023,2893,9684,7349
6/3/2023,2893,9684,7349
6/4/2023,2895,9685,7353
6/5/2023,2895,9685,7353
6/6/2023,2895,9686,7353
6/7/2023,2895,9686,7353
6/8/2023,2895,9686,7353
6/9/2023,2895,9686,7353
6/10/2023,2895,9687,7353
6/11/2023,2897,9687,7363
6/12/2023,2897,9687,7363
6/13/2023,2897,9688,7363
6/14/2023,2897,9688,7363
6/15/2023,2897,9689,7363
6/16/2023,2897,9689,7363
6/17/2023,2897,9690,7363
6/18/2023,2897,9690,7366
6/19/2023,2897,9690,7366
6/20/2023,2897,9690,7366
6/21/2023,2897,9690,7366
6/22/2023,2897,9690,7366
6/23/2023,2897,9690,7366
6/24/2023,2897,9690,7366
6/25/2023,2898,9690,7368
6/26/2023,2898,9690,7368
6/27/2023,2898,9690,7368
6/28/2023,2898,9690,7368
6/29/2023,2898,9690,7368
6/30/2023,2898,9690,7368
7/1/2023,2898,9691,7368
7/2/2023,2898,9691,7370
7/3/2023,2898,9691,7370
7/4/2023,2898,9691,7370
7/5/2023,2898,9691,7370
7/6/2023,2898,9691,7370
7/7/2023,2898,9691,7370
7/8/2023,2898,9691,7370
7/9/2023,2898,9691,7371
7/10/2023,2898,9691,7371
7/11/2023,2898,9691,7371
7/12/2023,2898,9692,7371
7/13/2023,2898,9692,7371
7/14/2023,2898,9692,7371
7/15/2023,2898,9692,7371
7/16/2023,2899,9692,7372
7/17/2023,2899,9692,7372
7/18/2023,2899,9692,7372
7/19/2023,2899,9692,7372
7/20/2023,2899,9692,7372
7/21/2023,2899,9692,7372
7/22/2023,2899,9692,7372
7/23/2023,2900,9693,7372
7/24/2023,2900,9693,7372
7/25/2023,2900,9694,7372
7/26/2023,2900,9694,7372
7/27/2023,2900,9694,7372
7/28/2023,2900,9694,7372
7/29/2023,2900,9694,7372
7/30/2023,2900,9694,7373
7/31/2023,2900,9694,7373
8/1/2023,2900,9694,7373
8/2/2023,2900,9694,7373
8/3/2023,2900,9694,7373
8/4/2023,2900,9694,7373
8/5/2023,2900,9694,7373
8/6/2023,2901,9694,7374
8/7/2023,2901,9695,7374
8/8/2023,2901,9695,7374
8/9/2023,2901,9695,7374
8/10/2023,2901,9695,7374
8/11/2023,2901,9695,7374
8/12/2023,2901,9695,7374
8/13/2023,2901,9695,7377
8/14/2023,2901,9695,7377
8/15/2023,2901,9695,7377
8/16/2023,2901,9695,7377
8/17/2023,2901,9695,7377
8/18/2023,2901,9695,7377
8/19/2023,2901,9695,7377
8/20/2023,2901,9695,7378
8/21/2023,2901,9695,7378
8/22/2023,2901,9695,7378
8/23/2023,2901,9695,7378
8/24/2023,2901,9695,7378
8/25/2023,2901,9696,7378
8/26/2023,2901,9696,7378
8/27/2023,2901,9697,7378
8/28/2023,2901,9698,7378
8/29/2023,2901,9698,7378
8/30/2023,2901,9698,7378
8/31/2023,2901,9699,7378
9/1/2023,2901,9700,7378
9/2/2023,2901,9700,7378
9/3/2023,2901,9701,7378
9/4/2023,2901,9703,7378
9/5/2023,2901,9703,7378
9/6/2023,2901,9703,7378
9/7/2023,2901,9703,7378
9/8/2023,2901,9703,7378
9/9/2023,2901,9703,7378
9/10/2023,2901,9703,7379
9/11/2023,2901,9703,7379
9/12/2023,2901,9704,7379
9/13/2023,2901,9704,7379
9/14/2023,2901,9704,7379
9/15/2023,2901,9704,7379
9/16/2023,2901,9704,7379
9/17/2023,2901,9704,7381
9/18/2023,2901,9704,7381
9/19/2023,2901,9704,7381
9/20/2023,2901,9704,7381
9/21/2023,2901,9704,7381
9/22/2023,2901,9704,7381
9/23/2023,2901,9705,7381
9/24/2023,2902,9706,7384
9/25/2023,2902,9706,7384
9/26/2023,2902,9707,7384
9/27/2023,2902,9708,7384
9/28/2023,2902,9709,7384
9/29/2023,2902,9709,7384
9/30/2023,2902,9710,7384
10/1/2023,2902,9710,7388
10/2/2023,2902,9710,7388
10/3/2023,2902,9711,7388
10/4/2023,2902,9712,7388
10/5/2023,2902,9712,7388
10/6/2023,2902,9712,7388
10/7/2023,2902,9712,7388
10/8/2023,2902,9714,7393
10/9/2023,2902,9715,7393
10/10/2023,2902,9717,7393
10/11/2023,2902,9717,7393
10/12/2023,2902,9717,7393
10/13/2023,2902,9718,7393
10/14/2023,2902,9718,7393
10/15/2023,2902,9718,7395
10/16/2023,2902,9719,7395
10/17/2023,2902,9721,7395
10/18/2023,2902,9722,7395
10/19/2023,2902,9724,7395
10/20/2023,2902,9726,7395
10/21/2023,2902,9728,7395
10/22/2023,2903,9729,7401
10/23/2023,2903,9731,7401
10/24/2023,2903,9732,7401
10/25/2023,2903,9733,7401
10/26/2023,2903,9733,7401
10/27/2023,2903,9733,7401
10/28/2023,2903,9733,7401
10/29/2023,2906,9734,7412
10/30/2023,2906,9735,7412
10/31/2023,2906,9735,7412
11/1/2023,2906,9735,7412
11/2/2023,2906,9736,7412
11/3/2023,2906,9736,7412
11/4/2023,2906,9736,7412
11/5/2023,2906,9739,7412
11/6/2023,2906,9740,7412
11/7/2023,2906,9742,7412
11/8/2023,2906,9746,7412
11/9/2023,2906,9746,7412
11/10/2023,2906,9748,7412
11/11/2023,2906,9748,7412
11/12/2023,2906,9750,7412
11/13/2023,2906,9750,7412
11/14/2023,2906,9752,7412
11/15/2023,2906,9755,7412
11/16/2023,2906,9756,7412
11/17/2023,2906,9757,7412
11/18/2023,2906,9759,7412
11/19/2023,2906,9759,7412
11/20/2023,2906,9760,7412
11/21/2023,2906,9761,7412
11/22/2023,2906,9761,7412
11/23/2023,2906,9761,7412
11/24/2023,2906,9761,7412
11/25/2023,2906,9761,7412
11/26/2023,2906,9761,7412
11/27/2023,2906,9761,7412
11/28/2023,2906,9761,7412
11/29/2023,2906,9761,7412
11/30/2023,2906,9761,7412
