date,et,lt,lv
2020-01-03,0,0,0
2020-01-04,0,0,0
2020-01-05,0,0,0
2020-01-06,0,0,0
2020-01-07,0,0,0
2020-01-08,0,0,0
2020-01-09,0,0,0
2020-01-10,0,0,0
2020-01-11,0,0,0
2020-01-12,0,0,0
2020-01-13,0,0,0
2020-01-14,0,0,0
2020-01-15,0,0,0
2020-01-16,0,0,0
2020-01-17,0,0,0
2020-01-18,0,0,0
2020-01-19,0,0,0
2020-01-20,0,0,0
2020-01-21,0,0,0
2020-01-22,0,0,0
2020-01-23,0,0,0
2020-01-24,0,0,0
2020-01-25,0,0,0
2020-01-26,0,0,0
2020-01-27,0,0,0
2020-01-28,0,0,0
2020-01-29,0,0,0
2020-01-30,0,0,0
2020-01-31,0,0,0
2020-02-01,0,0,0
2020-02-02,0,0,0
2020-02-03,0,0,0
2020-02-04,0,0,0
2020-02-05,0,0,0
2020-02-06,0,0,0
2020-02-07,0,0,0
2020-02-08,0,0,0
2020-02-09,0,0,0
2020-02-10,0,0,0
2020-02-11,0,0,0
2020-02-12,0,0,0
2020-02-13,0,0,0
2020-02-14,0,0,0
2020-02-15,0,0,0
2020-02-16,0,0,0
2020-02-17,0,0,0
2020-02-18,0,0,0
2020-02-19,0,0,0
2020-02-20,0,0,0
2020-02-21,0,0,0
2020-02-22,0,0,0
2020-02-23,0,0,0
2020-02-24,0,0,0
2020-02-25,0,0,0
2020-02-26,0,0,0
2020-02-27,0,0,0
2020-02-28,0,0,0
2020-02-29,0,0,0
2020-03-01,0,0,0
2020-03-02,0,0,0
2020-03-03,0,0,0
2020-03-04,0,0,0
2020-03-05,0,0,0
2020-03-06,0,0,0
2020-03-07,0,0,0
2020-03-08,0,0,0
2020-03-09,0,0,0
2020-03-10,0,0,0
2020-03-11,0,0,0
2020-03-12,0,0,0
2020-03-13,0,0,0
2020-03-14,0,0,0
2020-03-15,0,0,0
2020-03-16,0,0,0
2020-03-17,0,0,0
2020-03-18,0,0,0
2020-03-19,0,0,0
2020-03-20,0,0,0
2020-03-21,0,0,0
2020-03-22,0,0,0
2020-03-23,0,0,0
2020-03-24,0,1,0
2020-03-25,0,2,0
2020-03-26,0,3,0
2020-03-27,0,4,0
2020-03-28,0,4,0
2020-03-29,73,4,0
2020-03-30,73,4,0
2020-03-31,73,4,0
2020-04-01,73,6,0
2020-04-02,73,6,0
2020-04-03,73,6,0
2020-04-04,73,7,0
2020-04-05,89,8,2
2020-04-06,89,10,2
2020-04-07,89,11,2
2020-04-08,89,11,2
2020-04-09,89,11,2
2020-04-10,89,12,2
2020-04-11,89,13,2
2020-04-12,98,14,7
2020-04-13,98,15,7
2020-04-14,98,16,7
2020-04-15,98,20,7
2020-04-16,98,20,7
2020-04-17,98,21,7
2020-04-18,98,22,7
2020-04-19,112,23,8
2020-04-20,112,26,8
2020-04-21,112,26,8
2020-04-22,112,27,8
2020-04-23,112,27,8
2020-04-24,112,28,8
2020-04-25,112,29,8
2020-04-26,121,31,13
2020-04-27,121,32,13
2020-04-28,121,32,13
2020-04-29,121,32,13
2020-04-30,121,32,13
2020-05-01,121,32,13
2020-05-02,121,33,13
2020-05-03,125,33,16
2020-05-04,125,33,16
2020-05-05,125,33,16
2020-05-06,125,34,16
2020-05-07,125,35,16
2020-05-08,125,35,16
2020-05-09,125,35,16
2020-05-10,129,36,18
2020-05-11,129,36,18
2020-05-12,129,39,18
2020-05-13,129,39,18
2020-05-14,129,39,18
2020-05-15,129,41,18
2020-05-16,129,42,18
2020-05-17,131,43,20
2020-05-18,131,45,20
2020-05-19,131,45,20
2020-05-20,131,46,20
2020-05-21,131,46,20
2020-05-22,131,46,20
2020-05-23,131,47,20
2020-05-24,132,48,23
2020-05-25,132,49,23
2020-05-26,132,51,23
2020-05-27,132,51,23
2020-05-28,132,52,23
2020-05-29,132,52,23
2020-05-30,132,54,23
2020-05-31,135,54,25
2020-06-01,135,55,25
2020-06-02,135,55,25
2020-06-03,135,55,25
2020-06-04,135,55,25
2020-06-05,135,55,25
2020-06-06,135,55,25
2020-06-07,136,56,25
2020-06-08,136,58,25
2020-06-09,136,58,25
2020-06-10,136,58,25
2020-06-11,136,58,25
2020-06-12,136,59,25
2020-06-13,136,59,25
2020-06-14,137,59,28
2020-06-15,137,60,28
2020-06-16,137,60,28
2020-06-17,137,60,28
2020-06-18,137,60,28
2020-06-19,137,60,28
2020-06-20,137,60,28
2020-06-21,137,60,30
2020-06-22,137,60,30
2020-06-23,137,61,30
2020-06-24,137,61,30
2020-06-25,137,61,30
2020-06-26,137,61,30
2020-06-27,137,61,30
2020-06-28,137,61,30
2020-06-29,137,61,30
2020-06-30,137,61,30
2020-07-01,137,61,30
2020-07-02,137,62,30
2020-07-03,137,62,30
2020-07-04,137,62,30
2020-07-05,137,62,30
2020-07-06,137,62,30
2020-07-07,137,62,30
2020-07-08,137,62,30
2020-07-09,137,62,30
2020-07-10,137,62,30
2020-07-11,137,62,30
2020-07-12,137,62,31
2020-07-13,137,62,31
2020-07-14,137,62,31
2020-07-15,137,62,31
2020-07-16,137,62,31
2020-07-17,137,62,31
2020-07-18,137,63,31
2020-07-19,137,63,31
2020-07-20,137,63,31
2020-07-21,137,63,31
2020-07-22,137,63,31
2020-07-23,137,63,31
2020-07-24,137,63,31
2020-07-25,137,63,31
2020-07-26,137,63,31
2020-07-27,137,63,31
2020-07-28,137,63,31
2020-07-29,137,63,31
2020-07-30,137,63,31
2020-07-31,137,63,31
2020-08-01,137,63,31
2020-08-02,137,63,32
2020-08-03,137,63,32
2020-08-04,137,63,32
2020-08-05,137,64,32
2020-08-06,137,64,32
2020-08-07,137,64,32
2020-08-08,137,64,32
2020-08-09,137,64,32
2020-08-10,137,64,32
2020-08-11,137,64,32
2020-08-12,137,64,32
2020-08-13,137,64,32
2020-08-14,137,64,32
2020-08-15,137,64,32
2020-08-16,137,64,32
2020-08-17,137,64,32
2020-08-18,137,64,32
2020-08-19,137,64,32
2020-08-20,137,65,32
2020-08-21,137,66,32
2020-08-22,137,67,32
2020-08-23,138,67,33
2020-08-24,138,68,33
2020-08-25,138,68,33
2020-08-26,138,68,33
2020-08-27,138,68,33
2020-08-28,138,69,33
2020-08-29,138,69,33
2020-08-30,138,69,34
2020-08-31,138,69,34
2020-09-01,138,69,34
2020-09-02,138,69,34
2020-09-03,138,69,34
2020-09-04,138,69,34
2020-09-05,138,69,34
2020-09-06,138,69,35
2020-09-07,138,69,35
2020-09-08,138,69,35
2020-09-09,138,69,35
2020-09-10,138,69,35
2020-09-11,138,70,35
2020-09-12,138,70,35
2020-09-13,138,71,35
2020-09-14,138,71,35
2020-09-15,138,71,35
2020-09-16,138,71,35
2020-09-17,138,71,35
2020-09-18,138,71,35
2020-09-19,138,71,35
2020-09-20,138,71,36
2020-09-21,138,71,36
2020-09-22,138,71,36
2020-09-23,138,72,36
2020-09-24,138,74,36
2020-09-25,138,74,36
2020-09-26,138,74,36
2020-09-27,138,76,36
2020-09-28,138,77,36
2020-09-29,138,77,36
2020-09-30,138,77,36
2020-10-01,138,77,36
2020-10-02,138,78,36
2020-10-03,138,80,36
2020-10-04,141,81,39
2020-10-05,141,82,39
2020-10-06,141,84,39
2020-10-07,141,85,39
2020-10-08,141,86,39
2020-10-09,141,87,39
2020-10-10,141,87,39
2020-10-11,142,89,40
2020-10-12,142,89,40
2020-10-13,142,90,40
2020-10-14,142,94,40
2020-10-15,142,94,40
2020-10-16,142,97,40
2020-10-17,142,98,40
2020-10-18,142,100,44
2020-10-19,142,102,44
2020-10-20,142,105,44
2020-10-21,142,108,44
2020-10-22,142,112,44
2020-10-23,142,115,44
2020-10-24,142,116,44
2020-10-25,147,122,60
2020-10-26,147,124,60
2020-10-27,147,129,60
2020-10-28,147,134,60
2020-10-29,147,138,60
2020-10-30,147,144,60
2020-10-31,147,152,60
2020-11-01,147,155,80
2020-11-02,147,159,80
2020-11-03,147,170,80
2020-11-04,147,176,80
2020-11-05,147,178,80
2020-11-06,147,185,80
2020-11-07,147,195,80
2020-11-08,150,204,105
2020-11-09,150,212,105
2020-11-10,150,229,105
2020-11-11,150,239,105
2020-11-12,150,250,105
2020-11-13,150,264,105
2020-11-14,150,281,105
2020-11-15,155,295,135
2020-11-16,155,310,135
2020-11-17,155,330,135
2020-11-18,155,350,135
2020-11-19,155,373,135
2020-11-20,155,392,135
2020-11-21,155,412,135
2020-11-22,165,439,175
2020-11-23,165,459,175
2020-11-24,165,477,175
2020-11-25,165,498,175
2020-11-26,165,525,175
2020-11-27,165,548,175
2020-11-28,165,570,175
2020-11-29,189,592,233
2020-11-30,189,619,233
2020-12-01,189,640,233
2020-12-02,189,674,233
2020-12-03,189,693,233
2020-12-04,189,730,233
2020-12-05,189,764,233
2020-12-06,205,788,296
2020-12-07,205,832,296
2020-12-08,205,857,296
2020-12-09,205,884,296
2020-12-10,205,902,296
2020-12-11,205,937,296
2020-12-12,205,986,296
2020-12-13,224,1040,399
2020-12-14,224,1069,399
2020-12-15,224,1114,399
2020-12-16,224,1139,399
2020-12-17,224,1182,399
2020-12-18,224,1222,399
2020-12-19,224,1268,399
2020-12-20,252,1296,505
2020-12-21,252,1342,505
2020-12-22,252,1398,505
2020-12-23,252,1433,505
2020-12-24,252,1469,505
2020-12-25,252,1513,505
2020-12-26,252,1575,505
2020-12-27,284,1617,632
2020-12-28,284,1656,632
2020-12-29,284,1700,632
2020-12-30,284,1744,632
2020-12-31,284,1800,632
2021-01-01,284,1841,632
2021-01-02,284,1892,632
2021-01-03,323,1943,728
2021-01-04,323,1981,728
2021-01-05,323,2021,728
2021-01-06,323,2056,728
2021-01-07,323,2099,728
2021-01-08,323,2140,728
2021-01-09,323,2183,728
2021-01-10,357,2212,917
2021-01-11,357,2255,917
2021-01-12,357,2289,917
2021-01-13,357,2327,917
2021-01-14,357,2360,917
2021-01-15,357,2395,917
2021-01-16,357,2429,917
2021-01-17,405,2460,1057
2021-01-18,405,2487,1057
2021-01-19,405,2510,1057
2021-01-20,405,2535,1057
2021-01-21,405,2573,1057
2021-01-22,405,2609,1057
2021-01-23,405,2643,1057
2021-01-24,452,2666,1208
2021-01-25,452,2686,1208
2021-01-26,452,2703,1208
2021-01-27,452,2732,1208
2021-01-28,452,2761,1208
2021-01-29,452,2778,1208
2021-01-30,452,2804,1208
2021-01-31,494,2822,1363
2021-02-01,494,2844,1363
2021-02-02,494,2864,1363
2021-02-03,494,2883,1363
2021-02-04,494,2898,1363
2021-02-05,494,2922,1363
2021-02-06,494,2939,1363
2021-02-07,536,2955,1474
2021-02-08,536,2972,1474
2021-02-09,536,2988,1474
2021-02-10,536,3003,1474
2021-02-11,536,3026,1474
2021-02-12,536,3047,1474
2021-02-13,536,3064,1474
2021-02-14,572,3080,1573
2021-02-15,572,3092,1573
2021-02-16,572,3105,1573
2021-02-17,572,3125,1573
2021-02-18,572,3138,1573
2021-02-19,572,3153,1573
2021-02-20,572,3169,1573
2021-02-21,610,3181,1680
2021-02-22,610,3189,1680
2021-02-23,610,3197,1680
2021-02-24,610,3210,1680
2021-02-25,610,3219,1680
2021-02-26,610,3235,1680
2021-02-27,610,3245,1680
2021-02-28,667,3258,1768
2021-03-01,667,3265,1768
2021-03-02,667,3276,1768
2021-03-03,667,3291,1768
2021-03-04,667,3303,1768
2021-03-05,667,3314,1768
2021-03-06,667,3325,1768
2021-03-07,733,3331,1846
2021-03-08,733,3340,1846
2021-03-09,733,3346,1846
2021-03-10,733,3357,1846
2021-03-11,733,3370,1846
2021-03-12,733,3379,1846
2021-03-13,733,3393,1846
2021-03-14,792,3402,1909
2021-03-15,792,3414,1909
2021-03-16,792,3423,1909
2021-03-17,792,3435,1909
2021-03-18,792,3446,1909
2021-03-19,792,3454,1909
2021-03-20,792,3467,1909
2021-03-21,861,3480,1971
2021-03-22,861,3490,1971
2021-03-23,861,3502,1971
2021-03-24,861,3517,1971
2021-03-25,861,3523,1971
2021-03-26,861,3529,1971
2021-03-27,861,3538,1971
2021-03-28,943,3552,2017
2021-03-29,943,3562,2017
2021-03-30,943,3568,2017
2021-03-31,943,3576,2017
2021-04-01,943,3585,2017
2021-04-02,943,3596,2017
2021-04-03,943,3604,2017
2021-04-04,946,3612,2088
2021-04-05,946,3618,2088
2021-04-06,946,3626,2088
2021-04-07,946,3639,2088
2021-04-08,946,3649,2088
2021-04-09,946,3666,2088
2021-04-10,946,3680,2088
2021-04-11,1032,3695,2144
2021-04-12,1032,3705,2144
2021-04-13,1032,3719,2144
2021-04-14,1032,3726,2144
2021-04-15,1032,3737,2144
2021-04-16,1032,3745,2144
2021-04-17,1032,3760,2144
2021-04-18,1092,3766,2212
2021-04-19,1092,3781,2212
2021-04-20,1092,3793,2212
2021-04-21,1092,3809,2212
2021-04-22,1092,3824,2212
2021-04-23,1092,3840,2212
2021-04-24,1092,3849,2212
2021-04-25,1141,3858,2264
2021-04-26,1141,3869,2264
2021-04-27,1141,3888,2264
2021-04-28,1141,3906,2264
2021-04-29,1141,3921,2264
2021-04-30,1141,3931,2264
2021-05-01,1141,3942,2264
2021-05-02,1167,3955,2331
2021-05-03,1167,3964,2331
2021-05-04,1167,3981,2331
2021-05-05,1167,3997,2331
2021-05-06,1167,4007,2331
2021-05-07,1167,4023,2331
2021-05-08,1167,4029,2331
2021-05-09,1198,4039,2381
2021-05-10,1198,4052,2381
2021-05-11,1198,4061,2381
2021-05-12,1198,4067,2381
2021-05-13,1198,4076,2381
2021-05-14,1198,4089,2381
2021-05-15,1198,4092,2381
2021-05-16,1219,4108,2447
2021-05-17,1219,4119,2447
2021-05-18,1219,4130,2447
2021-05-19,1219,4143,2447
2021-05-20,1219,4159,2447
2021-05-21,1219,4170,2447
2021-05-22,1219,4179,2447
2021-05-23,1233,4193,2512
2021-05-24,1233,4207,2512
2021-05-25,1233,4217,2512
2021-05-26,1233,4226,2512
2021-05-27,1233,4234,2512
2021-05-28,1233,4241,2512
2021-05-29,1233,4253,2512
2021-05-30,1246,4265,2559
2021-05-31,1246,4275,2559
2021-06-01,1246,4283,2559
2021-06-02,1246,4287,2559
2021-06-03,1246,4293,2559
2021-06-04,1246,4301,2559
2021-06-05,1246,4305,2559
2021-06-06,1257,4310,2596
2021-06-07,1257,4313,2596
2021-06-08,1257,4321,2596
2021-06-09,1257,4326,2596
2021-06-10,1257,4330,2596
2021-06-11,1257,4334,2596
2021-06-12,1257,4339,2596
2021-06-13,1259,4342,2635
2021-06-14,1259,4347,2635
2021-06-15,1259,4352,2635
2021-06-16,1259,4356,2635
2021-06-17,1259,4362,2635
2021-06-18,1259,4362,2635
2021-06-19,1259,4366,2635
2021-06-20,1261,4368,2659
2021-06-21,1261,4370,2659
2021-06-22,1261,4374,2659
2021-06-23,1261,4374,2659
2021-06-24,1261,4377,2659
2021-06-25,1261,4380,2659
2021-06-26,1261,4380,2659
2021-06-27,1262,4382,2683
2021-06-28,1262,4382,2683
2021-06-29,1262,4384,2683
2021-06-30,1262,4384,2683
2021-07-01,1262,4386,2683
2021-07-02,1262,4387,2683
2021-07-03,1262,4389,2683
2021-07-04,1263,4390,2699
2021-07-05,1263,4392,2699
2021-07-06,1263,4395,2699
2021-07-07,1263,4396,2699
2021-07-08,1263,4396,2699
2021-07-09,1263,4396,2699
2021-07-10,1263,4397,2699
2021-07-11,1263,4397,2701
2021-07-12,1263,4400,2701
2021-07-13,1263,4401,2701
2021-07-14,1263,4402,2701
2021-07-15,1263,4403,2701
2021-07-16,1263,4403,2701
2021-07-17,1263,4403,2701
2021-07-18,1264,4403,2710
2021-07-19,1264,4403,2710
2021-07-20,1264,4403,2710
2021-07-21,1264,4404,2710
2021-07-22,1264,4405,2710
2021-07-23,1264,4405,2710
2021-07-24,1264,4405,2710
2021-07-25,1264,4405,2713
2021-07-26,1264,4405,2713
2021-07-27,1264,4406,2713
2021-07-28,1264,4406,2713
2021-07-29,1264,4407,2713
2021-07-30,1264,4408,2713
2021-07-31,1264,4409,2713
2021-08-01,1265,4411,2716
2021-08-02,1265,4412,2716
2021-08-03,1265,4414,2716
2021-08-04,1265,4417,2716
2021-08-05,1265,4418,2716
2021-08-06,1265,4418,2716
2021-08-07,1265,4419,2716
2021-08-08,1269,4421,2720
2021-08-09,1269,4425,2720
2021-08-10,1269,4427,2720
2021-08-11,1269,4431,2720
2021-08-12,1269,4433,2720
2021-08-13,1269,4436,2720
2021-08-14,1269,4442,2720
2021-08-15,1271,4445,2724
2021-08-16,1271,4450,2724
2021-08-17,1271,4455,2724
2021-08-18,1271,4458,2724
2021-08-19,1271,4461,2724
2021-08-20,1271,4467,2724
2021-08-21,1271,4476,2724
2021-08-22,1276,4482,2732
2021-08-23,1276,4491,2732
2021-08-24,1276,4494,2732
2021-08-25,1276,4500,2732
2021-08-26,1276,4508,2732
2021-08-27,1276,4517,2732
2021-08-28,1276,4527,2732
2021-08-29,1283,4536,2741
2021-08-30,1283,4551,2741
2021-08-31,1283,4560,2741
2021-09-01,1283,4567,2741
2021-09-02,1283,4581,2741
2021-09-03,1283,4589,2741
2021-09-04,1283,4600,2741
2021-09-05,1294,4609,2757
2021-09-06,1294,4615,2757
2021-09-07,1294,4622,2757
2021-09-08,1294,4629,2757
2021-09-09,1294,4643,2757
2021-09-10,1294,4654,2757
2021-09-11,1294,4668,2757
2021-09-12,1305,4688,2789
2021-09-13,1305,4712,2789
2021-09-14,1305,4719,2789
2021-09-15,1305,4738,2789
2021-09-16,1305,4753,2789
2021-09-17,1305,4764,2789
2021-09-18,1305,4776,2789
2021-09-19,1319,4793,2825
2021-09-20,1319,4818,2825
2021-09-21,1319,4839,2825
2021-09-22,1319,4850,2825
2021-09-23,1319,4869,2825
2021-09-24,1319,4885,2825
2021-09-25,1319,4900,2825
2021-09-26,1341,4916,2879
2021-09-27,1341,4935,2879
2021-09-28,1341,4952,2879
2021-09-29,1341,4974,2879
2021-09-30,1341,4998,2879
2021-10-01,1341,5020,2879
2021-10-02,1341,5047,2879
2021-10-03,1364,5073,2940
2021-10-04,1364,5105,2940
2021-10-05,1364,5123,2940
2021-10-06,1364,5142,2940
2021-10-07,1364,5162,2940
2021-10-08,1364,5187,2940
2021-10-09,1364,5215,2940
2021-10-10,1391,5240,3019
2021-10-11,1391,5269,3019
2021-10-12,1391,5292,3019
2021-10-13,1391,5323,3019
2021-10-14,1391,5362,3019
2021-10-15,1391,5388,3019
2021-10-16,1391,5413,3019
2021-10-17,1422,5445,3152
2021-10-18,1422,5473,3152
2021-10-19,1422,5500,3152
2021-10-20,1422,5516,3152
2021-10-21,1422,5552,3152
2021-10-22,1422,5588,3152
2021-10-23,1422,5610,3152
2021-10-24,1459,5638,3360
2021-10-25,1459,5669,3360
2021-10-26,1459,5701,3360
2021-10-27,1459,5736,3360
2021-10-28,1459,5780,3360
2021-10-29,1459,5818,3360
2021-10-30,1459,5846,3360
2021-10-31,1531,5888,3619
2021-11-01,1531,5925,3619
2021-11-02,1531,5951,3619
2021-11-03,1531,5992,3619
2021-11-04,1531,6034,3619
2021-11-05,1531,6067,3619
2021-11-06,1531,6096,3619
2021-11-07,1531,6128,3884
2021-11-08,1531,6157,3884
2021-11-09,1531,6193,3884
2021-11-10,1531,6234,3884
2021-11-11,1531,6264,3884
2021-11-12,1531,6286,3884
2021-11-13,1531,6307,3884
2021-11-14,1603,6332,4129
2021-11-15,1603,6365,4129
2021-11-16,1603,6401,4129
2021-11-17,1603,6428,4129
2021-11-18,1603,6457,4129
2021-11-19,1603,6477,4129
2021-11-20,1603,6515,4129
2021-11-21,1656,6541,4335
2021-11-22,1656,6574,4335
2021-11-23,1656,6603,4335
2021-11-24,1656,6621,4335
2021-11-25,1656,6643,4335
2021-11-26,1656,6664,4335
2021-11-27,1656,6686,4335
2021-11-28,1711,6709,4468
2021-11-29,1711,6735,4468
2021-11-30,1711,6755,4468
2021-12-01,1711,6778,4468
2021-12-02,1711,6803,4468
2021-12-03,1711,6822,4468
2021-12-04,1711,6841,4468
2021-12-05,1738,6861,4582
2021-12-06,1738,6883,4582
2021-12-07,1738,6901,4582
2021-12-08,1738,6913,4582
2021-12-09,1738,6937,4582
2021-12-10,1738,6950,4582
2021-12-11,1738,6969,4582
2021-12-12,1776,6990,4668
2021-12-13,1776,7009,4668
2021-12-14,1776,7035,4668
2021-12-15,1776,7052,4668
2021-12-16,1776,7070,4668
2021-12-17,1776,7087,4668
2021-12-18,1776,7110,4668
2021-12-19,1799,7135,4747
2021-12-20,1799,7160,4747
2021-12-21,1799,7184,4747
2021-12-22,1799,7211,4747
2021-12-23,1799,7235,4747
2021-12-24,1799,7258,4747
2021-12-25,1799,7276,4747
2021-12-26,1828,7302,4815
2021-12-27,1828,7320,4815
2021-12-28,1828,7340,4815
2021-12-29,1828,7365,4815
2021-12-30,1828,7384,4815
2021-12-31,1828,7397,4815
2022-01-01,1828,7412,4815
2022-01-02,1851,7432,4887
2022-01-03,1851,7452,4887
2022-01-04,1851,7474,4887
2022-01-05,1851,7488,4887
2022-01-06,1851,7508,4887
2022-01-07,1851,7514,4887
2022-01-08,1851,7534,4887
2022-01-09,1867,7552,4976
2022-01-10,1867,7566,4976
2022-01-11,1867,7581,4976
2022-01-12,1867,7592,4976
2022-01-13,1867,7618,4976
2022-01-14,1867,7631,4976
2022-01-15,1867,7651,4976
2022-01-16,1895,7665,5054
2022-01-17,1895,7676,5054
2022-01-18,1895,7691,5054
2022-01-19,1895,7703,5054
2022-01-20,1895,7718,5054
2022-01-21,1895,7735,5054
2022-01-22,1895,7752,5054
2022-01-23,1919,7765,5141
2022-01-24,1919,7772,5141
2022-01-25,1919,7790,5141
2022-01-26,1919,7809,5141
2022-01-27,1919,7821,5141
2022-01-28,1919,7838,5141
2022-01-29,1919,7851,5141
2022-01-30,1944,7869,5225
2022-01-31,1944,7889,5225
2022-02-01,1944,7905,5225
2022-02-02,1944,7925,5225
2022-02-03,1944,7941,5225
2022-02-04,1944,7956,5225
2022-02-05,1944,7974,5225
2022-02-06,1976,7991,5322
2022-02-07,1976,8007,5322
2022-02-08,1976,8016,5322
2022-02-09,1976,8040,5322
2022-02-10,1976,8051,5322
2022-02-11,1976,8070,5322
2022-02-12,1976,8092,5322
2022-02-13,2021,8122,5436
2022-02-14,2021,8142,5436
2022-02-15,2021,8178,5436
2022-02-16,2021,8199,5436
2022-02-17,2021,8213,5436
2022-02-18,2021,8221,5436
2022-02-19,2021,8239,5436
2022-02-20,2075,8254,5558
2022-02-21,2075,8276,5558
2022-02-22,2075,8300,5558
2022-02-23,2075,8320,5558
2022-02-24,2075,8341,5558
2022-02-25,2075,8374,5558
2022-02-26,2075,8387,5558
2022-02-27,2139,8415,5684
2022-02-28,2139,8426,5684
2022-03-01,2139,8448,5684
2022-03-02,2139,8463,5684
2022-03-03,2139,8484,5684
2022-03-04,2139,8499,5684
2022-03-05,2139,8520,5684
2022-03-06,2198,8535,5801
2022-03-07,2198,8554,5801
2022-03-08,2198,8572,5801
2022-03-09,2198,8591,5801
2022-03-10,2198,8602,5801
2022-03-11,2198,8608,5801
2022-03-12,2198,8629,5801
2022-03-13,2256,8641,5911
2022-03-14,2256,8654,5911
2022-03-15,2256,8669,5911
2022-03-16,2256,8684,5911
2022-03-17,2256,8701,5911
2022-03-18,2256,8708,5911
2022-03-19,2256,8723,5911
2022-03-20,2289,8737,6028
2022-03-21,2289,8747,6028
2022-03-22,2289,8761,6028
2022-03-23,2289,8777,6028
2022-03-24,2289,8796,6028
2022-03-25,2289,8813,6028
2022-03-26,2289,8826,6028
2022-03-27,2329,8840,6123
2022-03-28,2329,8856,6123
2022-03-29,2329,8865,6123
2022-03-30,2329,8877,6123
2022-03-31,2329,8885,6123
2022-04-01,2329,8894,6123
2022-04-02,2329,8906,6123
2022-04-03,2351,8916,6210
2022-04-04,2351,8922,6210
2022-04-05,2351,8934,6210
2022-04-06,2351,8941,6210
2022-04-07,2351,8948,6210
2022-04-08,2351,8960,6210
2022-04-09,2351,8966,6210
2022-04-10,2380,8972,6268
2022-04-11,2380,8980,6268
2022-04-12,2380,8984,6268
2022-04-13,2380,8995,6268
2022-04-14,2380,9003,6268
2022-04-15,2380,9009,6268
2022-04-16,2380,9017,6268
2022-04-17,2402,9023,6317
2022-04-18,2402,9026,6317
2022-04-19,2402,9029,6317
2022-04-20,2402,9037,6317
2022-04-21,2402,9044,6317
2022-04-22,2402,9052,6317
2022-04-23,2402,9057,6317
2022-04-24,2415,9070,6359
2022-04-25,2415,9079,6359
2022-04-26,2415,9081,6359
2022-04-27,2415,9083,6359
2022-04-28,2415,9090,6359
2022-04-29,2415,9096,6359
2022-04-30,2415,9098,6359
2022-05-01,2424,9103,6386
2022-05-02,2424,9110,6386
2022-05-03,2424,9113,6386
2022-05-04,2424,9115,6386
2022-05-05,2424,9116,6386
2022-05-06,2424,9118,6386
2022-05-07,2424,9121,6386
2022-05-08,2432,9123,6401
2022-05-09,2432,9123,6401
2022-05-10,2432,9126,6401
2022-05-11,2432,9127,6401
2022-05-12,2432,9129,6401
2022-05-13,2432,9131,6401
2022-05-14,2432,9132,6401
2022-05-15,2435,9132,6416
2022-05-16,2435,9132,6416
2022-05-17,2435,9132,6416
2022-05-18,2435,9133,6416
2022-05-19,2435,9134,6416
2022-05-20,2435,9135,6416
2022-05-21,2435,9136,6416
2022-05-22,2440,9136,6428
2022-05-23,2440,9137,6428
2022-05-24,2440,9140,6428
2022-05-25,2440,9140,6428
2022-05-26,2440,9141,6428
2022-05-27,2440,9143,6428
2022-05-28,2440,9143,6428
2022-05-29,2448,9144,6440
2022-05-30,2448,9145,6440
2022-05-31,2448,9146,6440
2022-06-01,2448,9146,6440
2022-06-02,2448,9147,6440
2022-06-03,2448,9149,6440
2022-06-04,2448,9149,6440
2022-06-05,2458,9149,6451
2022-06-06,2458,9149,6451
2022-06-07,2458,9150,6451
2022-06-08,2458,9151,6451
2022-06-09,2458,9152,6451
2022-06-10,2458,9153,6451
2022-06-11,2458,9153,6451
2022-06-12,2460,9153,6461
2022-06-13,2460,9155,6461
2022-06-14,2460,9156,6461
2022-06-15,2460,9156,6461
2022-06-16,2460,9156,6461
2022-06-17,2460,9157,6461
2022-06-18,2460,9158,6461
2022-06-19,2462,9158,6473
2022-06-20,2462,9162,6473
2022-06-21,2462,9162,6473
2022-06-22,2462,9162,6473
2022-06-23,2462,9164,6473
2022-06-24,2462,9164,6473
2022-06-25,2462,9165,6473
2022-06-26,2465,9167,6486
2022-06-27,2465,9170,6486
2022-06-28,2465,9170,6486
2022-06-29,2465,9171,6486
2022-06-30,2465,9171,6486
2022-07-01,2465,9172,6486
2022-07-02,2465,9173,6486
2022-07-03,2473,9175,6493
2022-07-04,2473,9175,6493
2022-07-05,2473,9175,6493
2022-07-06,2473,9176,6493
2022-07-07,2473,9177,6493
2022-07-08,2473,9178,6493
2022-07-09,2473,9179,6493
2022-07-10,2481,9180,6502
2022-07-11,2481,9180,6502
2022-07-12,2481,9182,6502
2022-07-13,2481,9185,6502
2022-07-14,2481,9186,6502
2022-07-15,2481,9187,6502
2022-07-16,2481,9187,6502
2022-07-17,2485,9189,6514
2022-07-18,2485,9189,6514
2022-07-19,2485,9190,6514
2022-07-20,2485,9192,6514
2022-07-21,2485,9194,6514
2022-07-22,2485,9196,6514
2022-07-23,2485,9198,6514
2022-07-24,2493,9199,6523
2022-07-25,2493,9202,6523
2022-07-26,2493,9205,6523
2022-07-27,2493,9206,6523
2022-07-28,2493,9206,6523
2022-07-29,2493,9207,6523
2022-07-30,2493,9208,6523
2022-07-31,2501,9208,6548
2022-08-01,2501,9209,6548
2022-08-02,2501,9210,6548
2022-08-03,2501,9213,6548
2022-08-04,2501,9218,6548
2022-08-05,2501,9218,6548
2022-08-06,2501,9220,6548
2022-08-07,2507,9220,6558
2022-08-08,2507,9225,6558
2022-08-09,2507,9226,6558
2022-08-10,2507,9228,6558
2022-08-11,2507,9230,6558
2022-08-12,2507,9230,6558
2022-08-13,2507,9232,6558
2022-08-14,2515,9237,6574
2022-08-15,2515,9243,6574
2022-08-16,2515,9246,6574
2022-08-17,2515,9249,6574
2022-08-18,2515,9251,6574
2022-08-19,2515,9253,6574
2022-08-20,2515,9256,6574
2022-08-21,2520,9258,6596
2022-08-22,2520,9263,6596
2022-08-23,2520,9266,6596
2022-08-24,2520,9268,6596
2022-08-25,2520,9270,6596
2022-08-26,2520,9274,6596
2022-08-27,2520,9279,6596
2022-08-28,2524,9282,6613
2022-08-29,2524,9285,6613
2022-08-30,2524,9287,6613
2022-08-31,2524,9289,6613
2022-09-01,2524,9290,6613
2022-09-02,2524,9292,6613
2022-09-03,2524,9294,6613
2022-09-04,2530,9294,6629
2022-09-05,2530,9295,6629
2022-09-06,2530,9296,6629
2022-09-07,2530,9296,6629
2022-09-08,2530,9296,6629
2022-09-09,2530,9296,6629
2022-09-10,2530,9296,6629
2022-09-11,2534,9296,6642
2022-09-12,2534,9296,6642
2022-09-13,2534,9298,6642
2022-09-14,2534,9299,6642
2022-09-15,2534,9303,6642
2022-09-16,2534,9304,6642
2022-09-17,2534,9305,6642
2022-09-18,2540,9307,6665
2022-09-19,2540,9307,6665
2022-09-20,2540,9309,6665
2022-09-21,2540,9309,6665
2022-09-22,2540,9312,6665
2022-09-23,2540,9315,6665
2022-09-24,2540,9316,6665
2022-09-25,2554,9317,6689
2022-09-26,2554,9317,6689
2022-09-27,2554,9318,6689
2022-09-28,2554,9319,6689
2022-09-29,2554,9320,6689
2022-09-30,2554,9320,6689
2022-10-01,2554,9322,6689
2022-10-02,2565,9324,6725
2022-10-03,2565,9329,6725
2022-10-04,2565,9332,6725
2022-10-05,2565,9334,6725
2022-10-06,2565,9335,6725
2022-10-07,2565,9338,6725
2022-10-08,2565,9339,6725
2022-10-09,2586,9342,6757
2022-10-10,2586,9345,6757
2022-10-11,2586,9347,6757
2022-10-12,2586,9351,6757
2022-10-13,2586,9355,6757
2022-10-14,2586,9358,6757
2022-10-15,2586,9361,6757
2022-10-16,2602,9363,6801
2022-10-17,2602,9369,6801
2022-10-18,2602,9370,6801
2022-10-19,2602,9371,6801
2022-10-20,2602,9373,6801
2022-10-21,2602,9373,6801
2022-10-22,2602,9378,6801
2022-10-23,2612,9380,6819
2022-10-24,2612,9382,6819
2022-10-25,2612,9386,6819
2022-10-26,2612,9387,6819
2022-10-27,2612,9387,6819
2022-10-28,2612,9391,6819
2022-10-29,2612,9393,6819
2022-10-30,2621,9393,6840
2022-10-31,2621,9395,6840
2022-11-01,2621,9397,6840
2022-11-02,2621,9397,6840
2022-11-03,2621,9400,6840
2022-11-04,2621,9401,6840
2022-11-05,2621,9401,6840
2022-11-06,2630,9402,6855
2022-11-07,2630,9404,6855
2022-11-08,2630,9405,6855
2022-11-09,2630,9405,6855
2022-11-10,2630,9408,6855
2022-11-11,2630,9408,6855
2022-11-12,2630,9410,6855
2022-11-13,2645,9413,6873
2022-11-14,2645,9414,6873
2022-11-15,2645,9414,6873
2022-11-16,2645,9414,6873
2022-11-17,2645,9414,6873
2022-11-18,2645,9416,6873
2022-11-19,2645,9416,6873
2022-11-20,2654,9417,6881
2022-11-21,2654,9418,6881
2022-11-22,2654,9422,6881
2022-11-23,2654,9423,6881
2022-11-24,2654,9426,6881
2022-11-25,2654,9428,6881
2022-11-26,2654,9430,6881
2022-11-27,2663,9430,6897
2022-11-28,2663,9432,6897
2022-11-29,2663,9433,6897
2022-11-30,2663,9433,6897
2022-12-01,2663,9433,6897
2022-12-02,2663,9434,6897
2022-12-03,2663,9435,6897
2022-12-04,2672,9436,6917
2022-12-05,2672,9436,6917
2022-12-06,2672,9439,6917
2022-12-07,2672,9440,6917
2022-12-08,2672,9440,6917
2022-12-09,2672,9441,6917
2022-12-10,2672,9441,6917
2022-12-11,2687,9441,6945
2022-12-12,2687,9441,6945
2022-12-13,2687,9443,6945
2022-12-14,2687,9446,6945
2022-12-15,2687,9448,6945
2022-12-16,2687,9451,6945
2022-12-17,2687,9453,6945
2022-12-18,2710,9454,6971
2022-12-19,2710,9456,6971
2022-12-20,2710,9459,6971
2022-12-21,2710,9463,6971
2022-12-22,2710,9468,6971
2022-12-23,2710,9468,6971
2022-12-24,2710,9469,6971
2022-12-25,2727,9469,7011
2022-12-26,2727,9472,7011
2022-12-27,2727,9474,7011
2022-12-28,2727,9475,7011
2022-12-29,2727,9478,7011
2022-12-30,2727,9479,7011
2022-12-31,2727,9482,7011
