date,temp
2018-01-01,3.4
2018-01-02,2.7
2018-01-03,2.7
2018-01-04,3.6
2018-01-05,4.1
2018-01-06,2.9
2018-01-07,-0.2
2018-01-08,0.7
2018-01-09,0.5
2018-01-10,-1.5
2018-01-11,-3.4
2018-01-12,-2.3
2018-01-13,-7.4
2018-01-14,-8.9
2018-01-15,-8.4
2018-01-16,-7.3
2018-01-17,-7.3
2018-01-18,-4.1
2018-01-19,-1.2
2018-01-20,-2.6
2018-01-21,-3.9
2018-01-22,-6.6
2018-01-23,-7.3
2018-01-24,-3.9
2018-01-25,3.0
2018-01-26,2.0
2018-01-27,1.5
2018-01-28,1.0
2018-01-29,2.6
2018-01-30,0.3
2018-01-31,0.3
2018-02-01,0.9
2018-02-02,-1.0
2018-02-03,-0.2
2018-02-04,-3.5
2018-02-05,-4.5
2018-02-06,-6.2
2018-02-07,-4.2
2018-02-08,-9.3
2018-02-09,-6.5
2018-02-10,-7.4
2018-02-11,-5.0
2018-02-12,-2.0
2018-02-13,-0.6
2018-02-14,-1.1
2018-02-15,-6.1
2018-02-16,-5.3
2018-02-17,-3.5
2018-02-18,-3.7
2018-02-19,-4.5
2018-02-20,-6.5
2018-02-21,-10.7
2018-02-22,-14.2
2018-02-23,-14.3
2018-02-24,-11.7
2018-02-25,-15.0
2018-02-26,-11.6
2018-02-27,-14.0
2018-02-28,-15.2
2018-03-01,-11.7
2018-03-02,-6.4
2018-03-03,-9.2
2018-03-04,-8.6
2018-03-05,-8.0
2018-03-06,-2.1
2018-03-07,-3.0
2018-03-08,-0.9
2018-03-09,1.8
2018-03-10,1.3
2018-03-11,2.1
2018-03-12,3.9
2018-03-13,5.4
2018-03-14,0.2
2018-03-15,-2.9
2018-03-16,-5.9
2018-03-17,-6.3
2018-03-18,-2.7
2018-03-19,0.8
2018-03-20,-0.6
2018-03-21,-2.1
2018-03-22,0.7
2018-03-23,-0.2
2018-03-24,-0.5
2018-03-25,3.7
2018-03-26,1.8
2018-03-27,-3.0
2018-03-28,-4.4
2018-03-29,-1.4
2018-03-30,-0.4
2018-03-31,0.2
2018-04-01,1.4
2018-04-02,1.2
2018-04-03,2.3
2018-04-04,6.7
2018-04-05,10.2
2018-04-06,5.4
2018-04-07,5.4
2018-04-08,10.3
2018-04-09,14.0
2018-04-10,6.6
2018-04-11,6.1
2018-04-12,8.1
2018-04-13,10.3
2018-04-14,13.0
2018-04-15,14.8
2018-04-16,14.8
2018-04-17,7.5
2018-04-18,9.5
2018-04-19,8.5
2018-04-20,12.6
2018-04-21,11.2
2018-04-22,7.7
2018-04-23,7.9
2018-04-24,10.7
2018-04-25,8.5
2018-04-26,8.5
2018-04-27,7.3
2018-04-28,8.4
2018-04-29,11.7
2018-04-30,13.0
2018-05-01,16.4
2018-05-02,12.1
2018-05-03,12.6
2018-05-04,10.1
2018-05-05,9.3
2018-05-06,11.6
2018-05-07,14.1
2018-05-08,13.5
2018-05-09,16.8
2018-05-10,18.2
2018-05-11,18.1
2018-05-12,16.5
2018-05-13,17.3
2018-05-14,19.3
2018-05-15,19.2
2018-05-16,16.8
2018-05-17,16.3
2018-05-18,15.6
2018-05-19,13.2
2018-05-20,12.9
2018-05-21,15.1
2018-05-22,14.5
2018-05-23,14.7
2018-05-24,15.5
2018-05-25,18.8
2018-05-26,20.4
2018-05-27,18.6
2018-05-28,20.1
2018-05-29,21.0
2018-05-30,19.6
2018-05-31,18.3
2018-06-01,17.8
2018-06-02,17.9
2018-06-03,18.3
2018-06-04,17.4
2018-06-05,11.0
2018-06-06,11.4
2018-06-07,14.1
2018-06-08,16.3
2018-06-09,13.7
2018-06-10,17.6
2018-06-11,18.6
2018-06-12,15.9
2018-06-13,14.8
2018-06-14,17.7
2018-06-15,18.3
2018-06-16,18.6
2018-06-17,19.9
2018-06-18,18.1
2018-06-19,16.6
2018-06-20,17.3
2018-06-21,19.9
2018-06-22,13.5
2018-06-23,13.1
2018-06-24,12.8
2018-06-25,13.3
2018-06-26,16.9
2018-06-27,18.1
2018-06-28,19.2
2018-06-29,14.8
2018-06-30,14.9
2018-07-01,12.8
2018-07-02,12.8
2018-07-03,14.0
2018-07-04,15.2
2018-07-05,15.4
2018-07-06,16.8
2018-07-07,17.9
2018-07-08,17.3
2018-07-09,17.8
2018-07-10,19.4
2018-07-11,19.8
2018-07-12,21.1
2018-07-13,19.3
2018-07-14,20.2
2018-07-15,21.6
2018-07-16,22.8
2018-07-17,25.4
2018-07-18,24.9
2018-07-19,21.4
2018-07-20,22.2
2018-07-21,23.1
2018-07-22,22.1
2018-07-23,22.7
2018-07-24,21.7
2018-07-25,21.8
2018-07-26,22.5
2018-07-27,23.8
2018-07-28,26.2
2018-07-29,26.5
2018-07-30,26.2
2018-07-31,25.0
2018-08-01,24.1
2018-08-02,24.0
2018-08-03,23.3
2018-08-04,21.5
2018-08-05,21.1
2018-08-06,20.0
2018-08-07,18.7
2018-08-08,21.6
2018-08-09,25.4
2018-08-10,26.4
2018-08-11,18.8
2018-08-12,15.6
2018-08-13,16.7
2018-08-14,15.9
2018-08-15,18.5
2018-08-16,18.9
2018-08-17,20.1
2018-08-18,20.0
2018-08-19,17.7
2018-08-20,19.1
2018-08-21,16.8
2018-08-22,16.3
2018-08-23,17.5
2018-08-24,21.3
2018-08-25,17.5
2018-08-26,14.0
2018-08-27,14.3
2018-08-28,15.7
2018-08-29,16.5
2018-08-30,15.4
2018-08-31,16.7
2018-09-01,17.1
2018-09-02,15.5
2018-09-03,16.3
2018-09-04,17.4
2018-09-05,16.6
2018-09-06,17.3
2018-09-07,18.6
2018-09-08,19.5
2018-09-09,16.1
2018-09-10,15.9
2018-09-11,16.3
2018-09-12,16.9
2018-09-13,14.7
2018-09-14,12.1
2018-09-15,12.1
2018-09-16,13.2
2018-09-17,14.0
2018-09-18,16.4
2018-09-19,18.1
2018-09-20,18.4
2018-09-21,20.7
2018-09-22,15.2
2018-09-23,11.6
2018-09-24,8.6
2018-09-25,8.5
2018-09-26,8.5
2018-09-27,12.7
2018-09-28,10.9
2018-09-29,8.0
2018-09-30,10.3
2018-10-01,9.3
2018-10-02,9.1
2018-10-03,7.6
2018-10-04,7.9
2018-10-05,10.3
2018-10-06,14.0
2018-10-07,8.5
2018-10-08,7.5
2018-10-09,11.0
2018-10-10,12.9
2018-10-11,12.1
2018-10-12,12.1
2018-10-13,12.0
2018-10-14,12.2
2018-10-15,11.4
2018-10-16,10.6
2018-10-17,9.2
2018-10-18,10.7
2018-10-19,8.9
2018-10-20,2.1
2018-10-21,2.7
2018-10-22,8.6
2018-10-23,5.0
2018-10-24,6.2
2018-10-25,2.8
2018-10-26,2.9
2018-10-27,5.6
2018-10-28,3.6
2018-10-29,0.8
2018-10-30,4.3
2018-10-31,10.0
2018-11-01,8.0
2018-11-02,11.6
2018-11-03,8.0
2018-11-04,4.3
2018-11-05,3.6
2018-11-06,8.8
2018-11-07,7.8
2018-11-08,6.6
2018-11-09,4.0
2018-11-10,5.7
2018-11-11,5.5
2018-11-12,4.4
2018-11-13,6.6
2018-11-14,7.9
2018-11-15,7.1
2018-11-16,4.3
2018-11-17,2.6
2018-11-18,5.5
2018-11-19,2.1
2018-11-20,-0.3
2018-11-21,0.0
2018-11-22,0.9
2018-11-23,2.0
2018-11-24,-1.1
2018-11-25,-0.9
2018-11-26,-0.3
2018-11-27,-2.2
2018-11-28,-8.2
2018-11-29,-7.9
2018-11-30,-5.0
2018-12-01,-8.2
2018-12-02,-6.1
2018-12-03,-1.0
2018-12-04,3.2
2018-12-05,0.9
2018-12-06,-1.5
2018-12-07,-1.1
2018-12-08,1.5
2018-12-09,2.8
2018-12-10,2.0
2018-12-11,-2.3
2018-12-12,0.0
2018-12-13,-0.4
2018-12-14,-0.5
2018-12-15,-1.6
2018-12-16,-1.5
2018-12-17,-1.8
2018-12-18,-3.0
2018-12-19,-2.5
2018-12-20,-5.1
2018-12-21,-5.4
2018-12-22,-3.5
2018-12-23,-1.4
2018-12-24,-1.9
2018-12-25,-1.7
2018-12-26,3.2
2018-12-27,1.3
2018-12-28,2.1
2018-12-29,2.0
2018-12-30,1.7
2018-12-31,0.0
2019-01-01,3.0
2019-01-02,-0.3
2019-01-03,-3.1
2019-01-04,-3.8
2019-01-05,-2.2
2019-01-06,-7.5
2019-01-07,-5.8
2019-01-08,-2.4
2019-01-09,-4.2
2019-01-10,-9.1
2019-01-11,-4.8
2019-01-12,-0.8
2019-01-13,-1.5
2019-01-14,-0.4
2019-01-15,-3.0
2019-01-16,-2.4
2019-01-17,2.0
2019-01-18,-1.8
2019-01-19,-1.3
2019-01-20,-1.3
2019-01-21,-4.8
2019-01-22,-9.2
2019-01-23,-5.8
2019-01-24,-4.1
2019-01-25,-4.7
2019-01-26,-9.3
2019-01-27,-8.1
2019-01-28,-6.7
2019-01-29,-4.0
2019-01-30,-3.1
2019-01-31,-8.3
2019-02-01,-0.2
2019-02-02,1.2
2019-02-03,2.0
2019-02-04,-1.3
2019-02-05,-2.3
2019-02-06,-2.1
2019-02-07,-1.1
2019-02-08,1.6
2019-02-09,1.8
2019-02-10,2.7
2019-02-11,1.6
2019-02-12,0.3
2019-02-13,-0.3
2019-02-14,2.4
2019-02-15,4.0
2019-02-16,5.1
2019-02-17,3.1
2019-02-18,0.1
2019-02-19,3.9
2019-02-20,2.3
2019-02-21,-2.7
2019-02-22,-5.0
2019-02-23,-2.0
2019-02-24,3.4
2019-02-25,4.0
2019-02-26,3.5
2019-02-27,3.8
2019-02-28,2.8
2019-03-01,-2.6
2019-03-02,-1.1
2019-03-03,2.0
2019-03-04,4.5
2019-03-05,2.4
2019-03-06,-2.9
2019-03-07,2.1
2019-03-08,5.8
2019-03-09,3.4
2019-03-10,2.0
2019-03-11,-2.3
2019-03-12,-2.8
2019-03-13,-3.3
2019-03-14,3.4
2019-03-15,3.7
2019-03-16,3.6
2019-03-17,3.8
2019-03-18,5.3
2019-03-19,3.2
2019-03-20,3.4
2019-03-21,5.5
2019-03-22,4.2
2019-03-23,4.1
2019-03-24,4.8
2019-03-25,2.6
2019-03-26,0.7
2019-03-27,1.4
2019-03-28,5.0
2019-03-29,8.0
2019-03-30,9.0
2019-03-31,5.3
2019-04-01,2.4
2019-04-02,2.9
2019-04-03,7.8
2019-04-04,8.6
2019-04-05,8.0
2019-04-06,8.5
2019-04-07,7.2
2019-04-08,4.3
2019-04-09,2.1
2019-04-10,2.0
2019-04-11,1.3
2019-04-12,-0.2
2019-04-13,1.4
2019-04-14,3.4
2019-04-15,4.7
2019-04-16,7.8
2019-04-17,9.2
2019-04-18,7.2
2019-04-19,8.4
2019-04-20,8.0
2019-04-21,9.0
2019-04-22,10.8
2019-04-23,12.1
2019-04-24,14.8
2019-04-25,18.0
2019-04-26,18.4
2019-04-27,17.3
2019-04-28,16.6
2019-04-29,10.5
2019-04-30,9.8
2019-05-01,10.1
2019-05-02,8.0
2019-05-03,3.3
2019-05-04,4.2
2019-05-05,4.6
2019-05-06,5.6
2019-05-07,8.4
2019-05-08,7.2
2019-05-09,11.7
2019-05-10,13.0
2019-05-11,11.5
2019-05-12,11.9
2019-05-13,7.9
2019-05-14,7.7
2019-05-15,10.3
2019-05-16,14.8
2019-05-17,16.8
2019-05-18,20.9
2019-05-19,22.1
2019-05-20,22.1
2019-05-21,22.3
2019-05-22,19.6
2019-05-23,18.0
2019-05-24,15.4
2019-05-25,12.7
2019-05-26,11.6
2019-05-27,11.6
2019-05-28,11.3
2019-05-29,12.3
2019-05-30,11.8
2019-05-31,12.3
2019-06-01,13.1
2019-06-02,14.8
2019-06-03,14.4
2019-06-04,21.1
2019-06-05,23.1
2019-06-06,24.6
2019-06-07,24.0
2019-06-08,22.8
2019-06-09,19.3
2019-06-10,17.6
2019-06-11,22.2
2019-06-12,22.2
2019-06-13,24.5
2019-06-14,18.5
2019-06-15,18.8
2019-06-16,18.4
2019-06-17,18.1
2019-06-18,18.1
2019-06-19,20.7
2019-06-20,22.6
2019-06-21,21.2
2019-06-22,18.2
2019-06-23,16.3
2019-06-24,17.1
2019-06-25,18.3
2019-06-26,21.1
2019-06-27,16.8
2019-06-28,16.5
2019-06-29,15.9
2019-06-30,20.3
2019-07-01,21.2
2019-07-02,16.9
2019-07-03,13.6
2019-07-04,12.5
2019-07-05,12.5
2019-07-06,14.7
2019-07-07,12.4
2019-07-08,13.6
2019-07-09,15.8
2019-07-10,14.5
2019-07-11,15.9
2019-07-12,14.3
2019-07-13,14.1
2019-07-14,15.2
2019-07-15,15.6
2019-07-16,13.3
2019-07-17,15.7
2019-07-18,17.6
2019-07-19,18.2
2019-07-20,17.7
2019-07-21,19.8
2019-07-22,18.4
2019-07-23,18.3
2019-07-24,19.8
2019-07-25,20.3
2019-07-26,21.2
2019-07-27,23.8
2019-07-28,24.2
2019-07-29,20.8
2019-07-30,15.8
2019-07-31,12.6
2019-08-01,14.2
2019-08-02,14.2
2019-08-03,15.7
2019-08-04,13.1
2019-08-05,14.3
2019-08-06,14.9
2019-08-07,18.0
2019-08-08,15.5
2019-08-09,15.9
2019-08-10,16.6
2019-08-11,19.3
2019-08-12,18.1
2019-08-13,17.9
2019-08-14,16.7
2019-08-15,15.5
2019-08-16,16.2
2019-08-17,19.8
2019-08-18,20.5
2019-08-19,21.4
2019-08-20,16.7
2019-08-21,13.7
2019-08-22,15.6
2019-08-23,17.2
2019-08-24,19.0
2019-08-25,18.0
2019-08-26,19.4
2019-08-27,18.9
2019-08-28,20.2
2019-08-29,20.0
2019-08-30,19.1
2019-08-31,17.3
2019-09-01,19.1
2019-09-02,17.8
2019-09-03,14.5
2019-09-04,14.5
2019-09-05,16.7
2019-09-06,15.8
2019-09-07,13.8
2019-09-08,18.6
2019-09-09,20.1
2019-09-10,19.4
2019-09-11,16.8
2019-09-12,14.6
2019-09-13,14.4
2019-09-14,12.6
2019-09-15,11.6
2019-09-16,13.1
2019-09-17,10.3
2019-09-18,8.9
2019-09-19,7.9
2019-09-20,7.5
2019-09-21,11.1
2019-09-22,9.0
2019-09-23,4.3
2019-09-24,6.1
2019-09-25,7.1
2019-09-26,8.0
2019-09-27,8.8
2019-09-28,9.2
2019-09-29,12.4
2019-09-30,12.7
2019-10-01,10.8
2019-10-02,9.9
2019-10-03,8.8
2019-10-04,7.1
2019-10-05,3.3
2019-10-06,2.3
2019-10-07,3.7
2019-10-08,4.2
2019-10-09,7.6
2019-10-10,9.7
2019-10-11,10.2
2019-10-12,11.8
2019-10-13,11.1
2019-10-14,12.6
2019-10-15,9.0
2019-10-16,13.1
2019-10-17,12.7
2019-10-18,12.4
2019-10-19,12.0
2019-10-20,11.2
2019-10-21,10.9
2019-10-22,11.3
2019-10-23,11.3
2019-10-24,10.5
2019-10-25,10.5
2019-10-26,12.0
2019-10-27,11.2
2019-10-28,5.0
2019-10-29,2.6
2019-10-30,-0.2
2019-10-31,2.4
2019-11-01,3.7
2019-11-02,3.7
2019-11-03,8.2
2019-11-04,8.1
2019-11-05,4.0
2019-11-06,3.6
2019-11-07,4.8
2019-11-08,5.9
2019-11-09,7.8
2019-11-10,8.8
2019-11-11,5.9
2019-11-12,3.4
2019-11-13,9.1
2019-11-14,9.7
2019-11-15,4.3
2019-11-16,6.2
2019-11-17,8.7
2019-11-18,8.9
2019-11-19,6.5
2019-11-20,5.6
2019-11-21,4.5
2019-11-22,0.0
2019-11-23,-1.8
2019-11-24,-2.2
2019-11-25,-2.4
2019-11-26,-1.0
2019-11-27,0.3
2019-11-28,2.5
2019-11-29,5.1
2019-11-30,1.4
2019-12-01,-1.1
2019-12-02,-0.3
2019-12-03,-1.3
2019-12-04,3.7
2019-12-05,6.5
2019-12-06,3.8
2019-12-07,3.8
2019-12-08,3.8
2019-12-09,5.6
2019-12-10,2.5
2019-12-11,-2.4
2019-12-12,-0.7
2019-12-13,1.4
2019-12-14,2.0
2019-12-15,2.4
2019-12-16,4.0
2019-12-17,4.9
2019-12-18,6.1
2019-12-19,3.5
2019-12-20,2.9
2019-12-21,4.4
2019-12-22,5.8
2019-12-23,6.1
2019-12-24,5.1
2019-12-25,4.1
2019-12-26,2.4
2019-12-27,1.2
2019-12-28,-0.4
2019-12-29,-0.8
2019-12-30,5.1
2019-12-31,5.5
2020-01-01,2.8
2020-01-02,4.4
2020-01-03,3.2
2020-01-04,2.8
2020-01-05,1.3
2020-01-06,1.6
2020-01-07,3.5
2020-01-08,3.7
2020-01-09,3.6
2020-01-10,2.9
2020-01-11,1.9
2020-01-12,4.6
2020-01-13,3.3
2020-01-14,2.1
2020-01-15,6.1
2020-01-16,6.9
2020-01-17,3.6
2020-01-18,1.6
2020-01-19,4.3
2020-01-20,2.4
2020-01-21,6.3
2020-01-22,4.3
2020-01-23,3.2
2020-01-24,6.3
2020-01-25,3.6
2020-01-26,2.8
2020-01-27,3.6
2020-01-28,0.6
2020-01-29,2.5
2020-01-30,2.4
2020-01-31,2.5
2020-02-01,4.6
2020-02-02,5.6
2020-02-03,2.5
2020-02-04,-1.5
2020-02-05,-1.7
2020-02-06,1.0
2020-02-07,-0.4
2020-02-08,2.6
2020-02-09,2.0
2020-02-10,4.2
2020-02-11,3.8
2020-02-12,2.8
2020-02-13,2.7
2020-02-14,0.6
2020-02-15,0.3
2020-02-16,4.1
2020-02-17,8.5
2020-02-18,6.7
2020-02-19,4.6
2020-02-20,4.4
2020-02-21,2.1
2020-02-22,3.7
2020-02-23,4.9
2020-02-24,3.4
2020-02-25,-0.7
2020-02-26,2.7
2020-02-27,0.7
2020-02-28,0.1
2020-02-29,0.1
2020-03-01,4.5
2020-03-02,4.9
2020-03-03,5.7
2020-03-04,5.6
2020-03-05,4.0
2020-03-06,3.3
2020-03-07,4.0
2020-03-08,3.4
2020-03-09,3.1
2020-03-10,3.4
2020-03-11,5.6
2020-03-12,5.3
2020-03-13,4.8
2020-03-14,-0.5
2020-03-15,0.0
2020-03-16,3.2
2020-03-17,4.0
2020-03-18,7.1
2020-03-19,6.0
2020-03-20,3.1
2020-03-21,0.3
2020-03-22,-0.8
2020-03-23,-2.2
2020-03-24,0.5
2020-03-25,3.6
2020-03-26,3.8
2020-03-27,4.8
2020-03-28,4.5
2020-03-29,2.4
2020-03-30,0.0
2020-03-31,0.8
2020-04-01,4.5
2020-04-02,5.8
2020-04-03,5.5
2020-04-04,3.4
2020-04-05,4.9
2020-04-06,8.0
2020-04-07,11.4
2020-04-08,9.9
2020-04-09,6.9
2020-04-10,5.6
2020-04-11,5.6
2020-04-12,6.7
2020-04-13,6.1
2020-04-14,1.5
2020-04-15,5.0
2020-04-16,6.5
2020-04-17,4.3
2020-04-18,4.9
2020-04-19,4.7
2020-04-20,5.8
2020-04-21,7.3
2020-04-22,8.8
2020-04-23,9.0
2020-04-24,7.2
2020-04-25,5.0
2020-04-26,4.0
2020-04-27,6.1
2020-04-28,7.9
2020-04-29,4.9
2020-04-30,5.2
2020-05-01,11.2
2020-05-02,10.3
2020-05-03,8.2
2020-05-04,10.6
2020-05-05,11.0
2020-05-06,10.7
2020-05-07,8.5
2020-05-08,8.5
2020-05-09,10.1
2020-05-10,12.4
2020-05-11,8.0
2020-05-12,5.8
2020-05-13,5.7
2020-05-14,5.7
2020-05-15,6.0
2020-05-16,7.5
2020-05-17,7.9
2020-05-18,7.9
2020-05-19,5.9
2020-05-20,7.7
2020-05-21,8.5
2020-05-22,10.4
2020-05-23,11.8
2020-05-24,11.0
2020-05-25,8.2
2020-05-26,12.8
2020-05-27,14.1
2020-05-28,12.1
2020-05-29,11.7
2020-05-30,14.3
2020-05-31,16.0
2020-06-01,13.1
2020-06-02,12.7
2020-06-03,13.1
2020-06-04,13.4
2020-06-05,17.0
2020-06-06,16.4
2020-06-07,16.2
2020-06-08,18.0
2020-06-09,14.1
2020-06-10,17.1
2020-06-11,19.7
2020-06-12,20.0
2020-06-13,19.0
2020-06-14,16.8
2020-06-15,15.9
2020-06-16,18.7
2020-06-17,19.9
2020-06-18,21.8
2020-06-19,24.1
2020-06-20,23.8
2020-06-21,21.0
2020-06-22,21.3
2020-06-23,20.7
2020-06-24,21.0
2020-06-25,21.9
2020-06-26,23.6
2020-06-27,24.8
2020-06-28,23.3
2020-06-29,21.2
2020-06-30,16.8
2020-07-01,17.0
2020-07-02,17.5
2020-07-03,17.2
2020-07-04,17.2
2020-07-05,18.1
2020-07-06,18.3
2020-07-07,15.6
2020-07-08,14.0
2020-07-09,13.3
2020-07-10,13.3
2020-07-11,16.5
2020-07-12,14.5
2020-07-13,14.6
2020-07-14,15.5
2020-07-15,17.7
2020-07-16,16.8
2020-07-17,18.0
2020-07-18,19.7
2020-07-19,20.6
2020-07-20,21.4
2020-07-21,18.2
2020-07-22,14.5
2020-07-23,12.9
2020-07-24,13.4
2020-07-25,16.3
2020-07-26,17.4
2020-07-27,19.2
2020-07-28,20.4
2020-07-29,18.7
2020-07-30,15.5
2020-07-31,16.1
2020-08-01,17.6
2020-08-02,15.9
2020-08-03,17.0
2020-08-04,17.4
2020-08-05,17.8
2020-08-06,18.6
2020-08-07,20.2
2020-08-08,19.8
2020-08-09,20.9
2020-08-10,18.6
2020-08-11,16.9
2020-08-12,14.5
2020-08-13,13.3
2020-08-14,17.7
2020-08-15,19.0
2020-08-16,20.2
2020-08-17,18.1
2020-08-18,17.0
2020-08-19,19.7
2020-08-20,20.0
2020-08-21,20.6
2020-08-22,19.3
2020-08-23,18.9
2020-08-24,17.4
2020-08-25,13.6
2020-08-26,14.2
2020-08-27,15.5
2020-08-28,12.7
2020-08-29,11.5
2020-08-30,16.9
2020-08-31,14.3
2020-09-01,14.1
2020-09-02,15.7
2020-09-03,17.0
2020-09-04,16.4
2020-09-05,16.0
2020-09-06,13.9
2020-09-07,12.0
2020-09-08,11.8
2020-09-09,15.5
2020-09-10,14.5
2020-09-11,11.5
2020-09-12,14.3
2020-09-13,15.5
2020-09-14,16.7
2020-09-15,17.8
2020-09-16,18.9
2020-09-17,12.2
2020-09-18,12.9
2020-09-19,11.4
2020-09-20,10.6
2020-09-21,13.7
2020-09-22,14.7
2020-09-23,16.2
2020-09-24,17.2
2020-09-25,18.1
2020-09-26,19.3
2020-09-27,18.8
2020-09-28,14.1
2020-09-29,12.9
2020-09-30,11.8
2020-10-01,12.9
2020-10-02,12.8
2020-10-03,13.9
2020-10-04,17.2
2020-10-05,16.2
2020-10-06,15.5
2020-10-07,14.0
2020-10-08,11.8
2020-10-09,10.5
2020-10-10,8.4
2020-10-11,11.8
2020-10-12,8.5
2020-10-13,7.9
2020-10-14,8.0
2020-10-15,7.1
2020-10-16,5.6
2020-10-17,4.0
2020-10-18,4.1
2020-10-19,4.5
2020-10-20,5.4
2020-10-21,7.8
2020-10-22,11.6
2020-10-23,11.8
2020-10-24,9.6
2020-10-25,8.9
2020-10-26,10.3
2020-10-27,12.8
2020-10-28,8.4
2020-10-29,9.4
2020-10-30,8.3
2020-10-31,7.7
2020-11-01,8.0
2020-11-02,7.8
2020-11-03,10.7
2020-11-04,7.6
2020-11-05,8.2
2020-11-06,10.3
2020-11-07,9.9
2020-11-08,8.3
2020-11-09,4.3
2020-11-10,6.0
2020-11-11,3.5
2020-11-12,5.1
2020-11-13,4.0
2020-11-14,3.6
2020-11-15,4.0
2020-11-16,5.0
2020-11-17,6.4
2020-11-18,10.4
2020-11-19,9.6
2020-11-20,2.3
2020-11-21,1.3
2020-11-22,5.2
2020-11-23,6.2
2020-11-24,5.0
2020-11-25,8.5
2020-11-26,5.2
2020-11-27,3.3
2020-11-28,2.7
2020-11-29,1.2
2020-11-30,0.2
2020-12-01,0.9
2020-12-02,-2.8
2020-12-03,-0.6
2020-12-04,1.7
2020-12-05,4.5
2020-12-06,3.2
2020-12-07,-0.1
2020-12-08,-3.2
2020-12-09,-4.3
2020-12-10,-3.4
2020-12-11,-1.1
2020-12-12,-0.3
2020-12-13,-2.4
2020-12-14,-1.2
2020-12-15,-0.2
2020-12-16,1.4
2020-12-17,4.6
2020-12-18,4.1
2020-12-19,5.4
2020-12-20,2.1
2020-12-21,1.3
2020-12-22,1.8
2020-12-23,2.3
2020-12-24,2.1
2020-12-25,0.9
2020-12-26,-0.7
2020-12-27,-1.0
2020-12-28,0.1
2020-12-29,2.1
2020-12-30,2.6
2020-12-31,1.3
2021-01-01,-0.7
2021-01-02,-0.5
2021-01-03,-0.7
2021-01-04,-1.0
2021-01-05,0.3
2021-01-06,0.5
2021-01-07,-1.0
2021-01-08,-1.3
2021-01-09,-3.6
2021-01-10,-4.1
2021-01-11,-1.5
2021-01-12,-0.9
2021-01-13,-0.9
2021-01-14,-5.2
2021-01-15,-10.1
2021-01-16,-14.6
2021-01-17,-20.2
2021-01-18,-12.0
2021-01-19,-9.1
2021-01-20,-8.0
2021-01-21,-0.2
2021-01-22,2.2
2021-01-23,1.5
2021-01-24,2.3
2021-01-25,0.5
2021-01-26,0.2
2021-01-27,0.7
2021-01-28,-1.1
2021-01-29,-1.5
2021-01-30,-1.5
2021-01-31,-2.1
2021-02-01,-3.0
2021-02-02,-4.4
2021-02-03,-1.9
2021-02-04,-4.7
2021-02-05,-8.1
2021-02-06,-11.2
2021-02-07,-14.5
2021-02-08,-14.2
2021-02-09,-9.6
2021-02-10,-12.4
2021-02-11,-11.7
2021-02-12,-12.5
2021-02-13,-4.1
2021-02-14,-1.2
2021-02-15,-6.3
2021-02-16,-4.5
2021-02-17,-8.7
2021-02-18,-15.0
2021-02-19,-11.9
2021-02-20,-5.2
2021-02-21,2.6
2021-02-22,1.1
2021-02-23,2.2
2021-02-24,2.6
2021-02-25,6.9
2021-02-26,5.6
2021-02-27,2.9
2021-02-28,3.8
2021-03-01,4.0
2021-03-02,3.6
2021-03-03,1.8
2021-03-04,0.5
2021-03-05,-1.4
2021-03-06,-1.4
2021-03-07,-0.7
2021-03-08,-3.7
2021-03-09,-3.8
2021-03-10,-1.2
2021-03-11,-1.2
2021-03-12,2.0
2021-03-13,3.1
2021-03-14,3.6
2021-03-15,2.4
2021-03-16,2.0
2021-03-17,-0.6
2021-03-18,-0.4
2021-03-19,-2.4
2021-03-20,-3.5
2021-03-21,1.5
2021-03-22,1.4
2021-03-23,2.4
2021-03-24,2.4
2021-03-25,5.8
2021-03-26,6.6
2021-03-27,8.4
2021-03-28,6.8
2021-03-29,5.5
2021-03-30,9.3
2021-03-31,8.5
2021-04-01,3.9
2021-04-02,3.2
2021-04-03,2.8
2021-04-04,3.7
2021-04-05,3.6
2021-04-06,2.3
2021-04-07,2.7
2021-04-08,3.0
2021-04-09,4.9
2021-04-10,6.3
2021-04-11,5.1
2021-04-12,13.6
2021-04-13,5.3
2021-04-14,3.0
2021-04-15,7.4
2021-04-16,9.6
2021-04-17,13.3
2021-04-18,13.3
2021-04-19,11.9
2021-04-20,9.9
2021-04-21,8.1
2021-04-22,7.0
2021-04-23,3.2
2021-04-24,3.0
2021-04-25,2.5
2021-04-26,3.7
2021-04-27,4.0
2021-04-28,3.9
2021-04-29,7.9
2021-04-30,6.7
2021-05-01,5.9
2021-05-02,5.0
2021-05-03,5.1
2021-05-04,7.3
2021-05-05,9.3
2021-05-06,7.4
2021-05-07,6.4
2021-05-08,5.4
2021-05-09,6.3
2021-05-10,17.0
2021-05-11,20.1
2021-05-12,20.5
2021-05-13,15.8
2021-05-14,12.0
2021-05-15,12.8
2021-05-16,14.3
2021-05-17,14.7
2021-05-18,10.3
2021-05-19,11.9
2021-05-20,11.0
2021-05-21,10.4
2021-05-22,13.1
2021-05-23,11.1
2021-05-24,11.3
2021-05-25,13.5
2021-05-26,11.9
2021-05-27,11.1
2021-05-28,11.6
2021-05-29,10.6
2021-05-30,11.5
2021-05-31,11.6
2021-06-01,14.3
2021-06-02,16.0
2021-06-03,16.2
2021-06-04,18.4
2021-06-05,17.3
2021-06-06,18.5
2021-06-07,17.9
2021-06-08,18.7
2021-06-09,18.3
2021-06-10,17.4
2021-06-11,18.6
2021-06-12,16.1
2021-06-13,14.4
2021-06-14,16.7
2021-06-15,16.5
2021-06-16,15.5
2021-06-17,18.3
2021-06-18,21.8
2021-06-19,23.6
2021-06-20,25.3
2021-06-21,27.8
2021-06-22,27.2
2021-06-23,25.7
2021-06-24,22.3
2021-06-25,21.2
2021-06-26,20.9
2021-06-27,19.7
2021-06-28,20.9
2021-06-29,20.4
2021-06-30,21.2
2021-07-01,23.8
2021-07-02,23.4
2021-07-03,20.7
2021-07-04,22.8
2021-07-05,23.1
2021-07-06,23.5
2021-07-07,24.8
2021-07-08,23.2
2021-07-09,27.2
2021-07-10,27.3
2021-07-11,22.5
2021-07-12,25.0
2021-07-13,26.4
2021-07-14,23.8
2021-07-15,25.4
2021-07-16,26.0
2021-07-17,23.9
2021-07-18,21.6
2021-07-19,19.6
2021-07-20,19.3
2021-07-21,18.8
2021-07-22,19.3
2021-07-23,18.8
2021-07-24,17.9
2021-07-25,17.9
2021-07-26,23.5
2021-07-27,21.8
2021-07-28,21.6
2021-07-29,21.6
2021-07-30,18.7
2021-07-31,20.2
2021-08-01,19.5
2021-08-02,17.1
2021-08-03,16.1
2021-08-04,17.0
2021-08-05,17.0
2021-08-06,16.8
2021-08-07,18.3
2021-08-08,17.9
2021-08-09,17.3
2021-08-10,16.5
2021-08-11,16.8
2021-08-12,16.8
2021-08-13,18.4
2021-08-14,18.2
2021-08-15,17.5
2021-08-16,17.8
2021-08-17,16.6
2021-08-18,15.1
2021-08-19,15.5
2021-08-20,15.5
2021-08-21,14.6
2021-08-22,13.0
2021-08-23,12.7
2021-08-24,12.6
2021-08-25,11.9
2021-08-26,12.9
2021-08-27,15.2
2021-08-28,17.1
2021-08-29,17.1
2021-08-30,16.4
2021-08-31,15.4
2021-09-01,14.6
2021-09-02,12.8
2021-09-03,13.0
2021-09-04,10.3
2021-09-05,8.9
2021-09-06,10.3
2021-09-07,14.9
2021-09-08,16.7
2021-09-09,17.5
2021-09-10,16.6
2021-09-11,16.5
2021-09-12,17.4
2021-09-13,15.0
2021-09-14,11.7
2021-09-15,9.9
2021-09-16,8.7
2021-09-17,10.1
2021-09-18,8.9
2021-09-19,8.2
2021-09-20,6.3
2021-09-21,6.9
2021-09-22,7.6
2021-09-23,6.2
2021-09-24,10.8
2021-09-25,12.4
2021-09-26,10.5
2021-09-27,8.9
2021-09-28,11.9
2021-09-29,10.8
2021-09-30,10.6
2021-10-01,10.1
2021-10-02,10.7
2021-10-03,12.0
2021-10-04,12.4
2021-10-05,13.3
2021-10-06,13.4
2021-10-07,10.4
2021-10-08,5.5
2021-10-09,5.7
2021-10-10,7.6
2021-10-11,5.5
2021-10-12,6.2
2021-10-13,6.7
2021-10-14,6.9
2021-10-15,9.4
2021-10-16,7.5
2021-10-17,7.1
2021-10-18,5.2
2021-10-19,5.2
2021-10-20,10.8
2021-10-21,13.8
2021-10-22,7.2
2021-10-23,5.2
2021-10-24,5.2
2021-10-25,5.6
2021-10-26,5.1
2021-10-27,9.1
2021-10-28,12.3
2021-10-29,10.1
2021-10-30,7.8
2021-10-31,8.9
2021-11-01,7.8
2021-11-02,6.6
2021-11-03,6.8
2021-11-04,7.2
2021-11-05,8.1
2021-11-06,6.4
2021-11-07,7.0
2021-11-08,4.7
2021-11-09,0.6
2021-11-10,5.3
2021-11-11,8.2
2021-11-12,6.1
2021-11-13,0.4
2021-11-14,1.8
2021-11-15,-2.3
2021-11-16,1.5
2021-11-17,3.8
2021-11-18,5.0
2021-11-19,6.0
2021-11-20,7.0
2021-11-21,4.2
2021-11-22,-1.0
2021-11-23,1.0
2021-11-24,4.0
2021-11-25,5.6
2021-11-26,3.2
2021-11-27,0.6
2021-11-28,-1.1
2021-11-29,-0.9
2021-11-30,-0.8
2021-12-01,-1.9
2021-12-02,-1.1
2021-12-03,-1.9
2021-12-04,-5.2
2021-12-05,-8.1
2021-12-06,-15.0
2021-12-07,-15.3
2021-12-08,-13.2
2021-12-09,-11.3
2021-12-10,-2.5
2021-12-11,1.4
2021-12-12,0.4
2021-12-13,-1.1
2021-12-14,-0.3
2021-12-15,2.8
2021-12-16,5.0
2021-12-17,4.2
2021-12-18,3.7
2021-12-19,3.5
2021-12-20,-3.9
2021-12-21,-7.7
2021-12-22,-8.7
2021-12-23,-9.5
2021-12-24,-4.4
2021-12-25,-5.4
2021-12-26,-4.0
2021-12-27,-3.7
2021-12-28,-7.0
2021-12-29,-6.7
2021-12-30,-4.9
2021-12-31,2.3
2022-01-01,0.4
2022-01-02,-3.2
2022-01-03,1.4
2022-01-04,3.4
2022-01-05,2.0
2022-01-06,-0.7
2022-01-07,-2.9
2022-01-08,-2.0
2022-01-09,-0.9
2022-01-10,-2.0
2022-01-11,-9.9
2022-01-12,-8.4
2022-01-13,3.9
2022-01-14,4.0
2022-01-15,2.3
2022-01-16,1.2
2022-01-17,1.1
2022-01-18,0.4
2022-01-19,2.5
2022-01-20,1.0
2022-01-21,-0.5
2022-01-22,-1.4
2022-01-23,-2.0
2022-01-24,-0.2
2022-01-25,1.4
2022-01-26,-2.0
2022-01-27,2.1
2022-01-28,1.4
2022-01-29,-0.2
2022-01-30,1.5
2022-01-31,-2.2
2022-02-01,-3.2
2022-02-02,-4.2
2022-02-03,-3.8
2022-02-04,-2.5
2022-02-05,0.9
2022-02-06,1.5
2022-02-07,0.9
2022-02-08,1.1
2022-02-09,2.1
2022-02-10,2.9
2022-02-11,1.4
2022-02-12,0.2
2022-02-13,1.3
2022-02-14,1.3
2022-02-15,1.5
2022-02-16,2.6
2022-02-17,4.4
2022-02-18,2.7
2022-02-19,2.3
2022-02-20,1.7
2022-02-21,2.6
2022-02-22,0.9
2022-02-23,-0.7
2022-02-24,2.3
2022-02-25,3.5
2022-02-26,1.7
2022-02-27,-1.5
2022-02-28,-0.1
2022-03-01,0.1
2022-03-02,-0.9
2022-03-03,0.9
2022-03-04,-0.6
2022-03-05,-3.7
2022-03-06,-1.4
2022-03-07,1.3
2022-03-08,-0.2
2022-03-09,-0.9
2022-03-10,-4.2
2022-03-11,-1.8
2022-03-12,1.2
2022-03-13,0.6
2022-03-14,1.1
2022-03-15,1.9
2022-03-16,3.8
2022-03-17,2.6
2022-03-18,2.8
2022-03-19,0.9
2022-03-20,2.0
2022-03-21,2.4
2022-03-22,4.2
2022-03-23,2.9
2022-03-24,4.5
2022-03-25,6.9
2022-03-26,4.8
2022-03-27,1.0
2022-03-28,6.7
2022-03-29,0.6
2022-03-30,-2.7
2022-03-31,-2.8
2022-04-01,-0.7
2022-04-02,0.7
2022-04-03,0.3
2022-04-04,1.3
2022-04-05,1.7
2022-04-06,1.4
2022-04-07,7.6
2022-04-08,6.6
2022-04-09,3.4
2022-04-10,4.4
2022-04-11,5.1
2022-04-12,4.0
2022-04-13,3.2
2022-04-14,7.0
2022-04-15,5.8
2022-04-16,4.3
2022-04-17,3.1
2022-04-18,3.8
2022-04-19,9.0
2022-04-20,12.1
2022-04-21,13.5
2022-04-22,11.0
2022-04-23,10.1
2022-04-24,7.8
2022-04-25,5.9
2022-04-26,6.1
2022-04-27,4.3
2022-04-28,4.1
2022-04-29,6.2
2022-04-30,5.4
2022-05-01,5.8
2022-05-02,8.0
2022-05-03,7.3
2022-05-04,6.0
2022-05-05,7.8
2022-05-06,12.5
2022-05-07,10.6
2022-05-08,8.5
2022-05-09,6.8
2022-05-10,9.6
2022-05-11,13.3
2022-05-12,12.9
2022-05-13,11.8
2022-05-14,9.3
2022-05-15,10.1
2022-05-16,9.1
2022-05-17,7.4
2022-05-18,8.7
2022-05-19,12.0
2022-05-20,13.5
2022-05-21,10.6
2022-05-22,12.3
2022-05-23,11.6
2022-05-24,14.1
2022-05-25,14.5
2022-05-26,12.3
2022-05-27,11.9
2022-05-28,10.5
2022-05-29,9.3
2022-05-30,10.7
2022-05-31,11.9
2022-06-01,13.4
2022-06-02,13.6
2022-06-03,13.0
2022-06-04,13.5
2022-06-05,14.9
2022-06-06,16.1
2022-06-07,18.5
2022-06-08,15.0
2022-06-09,17.6
2022-06-10,18.1
2022-06-11,17.1
2022-06-12,16.7
2022-06-13,15.6
2022-06-14,13.7
2022-06-15,16.2
2022-06-16,15.1
2022-06-17,15.7
2022-06-18,15.1
2022-06-19,13.8
2022-06-20,14.1
2022-06-21,15.1
2022-06-22,16.6
2022-06-23,18.3
2022-06-24,20.0
2022-06-25,23.1
2022-06-26,24.7
2022-06-27,25.3
2022-06-28,25.9
2022-06-29,23.2
2022-06-30,23.9
2022-07-01,26.0
2022-07-02,23.9
2022-07-03,19.9
2022-07-04,19.8
2022-07-05,19.6
2022-07-06,15.4
2022-07-07,16.5
2022-07-08,16.1
2022-07-09,16.7
2022-07-10,15.9
2022-07-11,16.9
2022-07-12,18.5
2022-07-13,19.0
2022-07-14,17.1
2022-07-15,14.3
2022-07-16,14.8
2022-07-17,14.3
2022-07-18,15.6
2022-07-19,18.4
2022-07-20,18.1
2022-07-21,20.8
2022-07-22,22.9
2022-07-23,20.8
2022-07-24,17.6
2022-07-25,19.2
2022-07-26,20.0
2022-07-27,17.4
2022-07-28,15.3
2022-07-29,15.8
2022-07-30,15.5
2022-07-31,17.1
2022-08-01,16.3
2022-08-02,18.8
2022-08-03,18.4
2022-08-04,21.9
2022-08-05,23.2
2022-08-06,19.4
2022-08-07,16.4
2022-08-08,15.9
2022-08-09,16.6
2022-08-10,16.7
2022-08-11,18.1
2022-08-12,19.4
2022-08-13,19.8
2022-08-14,22.1
2022-08-15,25.1
2022-08-16,26.0
2022-08-17,24.5
2022-08-18,24.1
2022-08-19,25.5
2022-08-20,22.7
2022-08-21,20.7
2022-08-22,20.0
2022-08-23,23.2
2022-08-24,22.1
2022-08-25,20.2
2022-08-26,20.4
2022-08-27,23.0
2022-08-28,22.5
2022-08-29,19.2
2022-08-30,16.2
2022-08-31,12.4
2022-09-01,10.9
2022-09-02,10.1
2022-09-03,10.4
2022-09-04,10.9
2022-09-05,10.5
2022-09-06,10.4
2022-09-07,11.4
2022-09-08,9.4
2022-09-09,10.5
2022-09-10,11.8
2022-09-11,10.8
2022-09-12,11.0
2022-09-13,11.1
2022-09-14,13.3
2022-09-15,13.2
2022-09-16,11.7
2022-09-17,12.0
2022-09-18,11.5
2022-09-19,11.8
2022-09-20,10.9
2022-09-21,10.8
2022-09-22,11.0
2022-09-23,9.6
2022-09-24,8.8
2022-09-25,8.2
2022-09-26,11.2
2022-09-27,11.7
2022-09-28,10.1
2022-09-29,7.2
2022-09-30,9.1
2022-10-01,8.2
2022-10-02,9.1
2022-10-03,9.0
2022-10-04,10.7
2022-10-05,11.2
2022-10-06,13.0
2022-10-07,12.6
2022-10-08,10.7
2022-10-09,9.8
2022-10-10,7.4
2022-10-11,9.2
2022-10-12,7.5
2022-10-13,5.6
2022-10-14,10.4
2022-10-15,10.2
2022-10-16,13.2
2022-10-17,11.7
2022-10-18,12.5
2022-10-19,7.9
2022-10-20,6.7
2022-10-21,6.6
2022-10-22,5.9
2022-10-23,8.0
2022-10-24,8.1
2022-10-25,10.7
2022-10-26,11.3
2022-10-27,11.7
2022-10-28,12.2
2022-10-29,12.8
2022-10-30,8.9
2022-10-31,5.4
2022-11-01,7.8
2022-11-02,9.0
2022-11-03,9.4
2022-11-04,8.5
2022-11-05,5.1
2022-11-06,7.1
2022-11-07,5.9
2022-11-08,10.3
2022-11-09,10.2
2022-11-10,10.2
2022-11-11,10.7
2022-11-12,13.2
2022-11-13,5.9
2022-11-14,0.8
2022-11-15,4.1
2022-11-16,1.6
2022-11-17,-0.1
2022-11-18,-1.5
2022-11-19,-4.5
2022-11-20,-5.1
2022-11-21,-4.0
2022-11-22,-3.7
2022-11-23,-4.0
2022-11-24,-2.0
2022-11-25,-1.0
2022-11-26,-1.9
2022-11-27,-2.8
2022-11-28,-2.0
2022-11-29,0.5
2022-11-30,-0.7
2022-12-01,-3.4
2022-12-02,-6.7
2022-12-03,-6.1
2022-12-04,-1.9
2022-12-05,-3.0
2022-12-06,-3.2
2022-12-07,-2.2
2022-12-08,-0.6
2022-12-09,-6.6
2022-12-10,-11.4
2022-12-11,-6.3
2022-12-12,-4.8
2022-12-13,-5.0
2022-12-14,-5.0
2022-12-15,-11.1
2022-12-16,-7.3
2022-12-17,-6.9
2022-12-18,-7.9
2022-12-19,-5.2
2022-12-20,-2.6
2022-12-21,1.7
2022-12-22,1.6
2022-12-23,2.2
2022-12-24,-2.0
2022-12-25,-5.5
2022-12-26,-4.7
2022-12-27,0.8
2022-12-28,1.0
2022-12-29,1.9
2022-12-30,4.1
2022-12-31,4.0
